district,state,literacy_gap,employment_gap,total_spent_cr,women_wage_est,unutilized_bal,agency_score
North & Middle Andaman,Andaman & Nicobar Islands,16.0,43.61,3.4262,1.3704384509068346,1.5604,0.01634241245136187
South Andaman,Andaman & Nicobar Islands,13.299999999999997,35.959999999999994,1.1606,0.47133802419165066,0.9047,0.09674973941059414
Srikakulam,Andhra Pradesh,35.7,39.39,593.9596,329.94063803972085,-593.9596,5.7835424197320856e-05
Vizianagaram,Andhra Pradesh,41.7,42.74,655.679,367.8222118048356,-655.679,0.00010813581858814671
Visakhapatnam,Andhra Pradesh,30.5,45.15,578.0101999999999,250.8112264015322,-578.0101999999999,0.00011508445053026624
East Godavari,Andhra Pradesh,22.099999999999994,49.27,543.4828,222.58209771502814,-543.4828,9.045814280202405e-05
West Godavari,Andhra Pradesh,23.0,47.6,384.8146,142.39811953383966,-384.8146,0.00019394517193356325
Krishna,Andhra Pradesh,23.099999999999994,46.04,252.399,86.1743652411726,-252.399,6.122121008823507e-05
Guntur,Andhra Pradesh,31.5,46.2,278.9214,96.7598554420952,-278.9214,8.649770781074301e-05
Prakasam,Andhra Pradesh,37.2,44.27,488.1214,242.37444514786216,-488.1214,0.00018389783607763264
Y.S.R.,Andhra Pradesh,36.2,41.41,361.9185,166.1906733854229,-361.9185,7.545807091441707e-05
Kurnool,Andhra Pradesh,43.0,45.83,329.5269,149.8358714592207,-329.5269,9.798502123316923e-05
Chittoor,Andhra Pradesh,30.700000000000003,43.86,333.9472,153.6666274290971,-333.9472,0.00012233124726364315
Tawang,Arunachal Pradesh,40.9,44.89,4.9557,1.500817801617122,0.037599999999999995,0.05477503112217677
West Kameng,Arunachal Pradesh,26.299999999999997,61.1,6.7514,1.3154978905261085,0.244,0.48990141861024283
East Kameng,Arunachal Pradesh,37.8,61.55,10.9448,1.8503249047544919,0.6865000000000001,0.1413914476147682
Papum Pare,Arunachal Pradesh,21.799999999999997,52.1,21.675900000000002,4.677466489428623,0.14150000000000001,0.04835390946502058
Upper Subansiri,Arunachal Pradesh,35.7,56.11,12.5437,2.2707061834223783,0.3668,0.02738646438774505
Upper Siang,Arunachal Pradesh,25.599999999999994,71.28999999999999,2.6122,0.4679096195560025,0.028999999999999998,0.048654836863194044
Changlang,Arunachal Pradesh,22.400000000000006,70.65,12.458900000000002,2.2668663540163925,0.1707,0.6310887027858486
Lower Subansiri,Arunachal Pradesh,23.200000000000003,50.07,2.2394,0.8451889191887583,0.26649999999999996,0.018484848484848486
Dibang Valley,Arunachal Pradesh,22.200000000000003,58.1,1.2874,0.2618674813026323,0.8948,0.20478426112228929
Lower Dibang Valley,Arunachal Pradesh,18.400000000000006,58.1,1.2874,0.2618674813026323,0.8948,0.20478426112228929
Anjaw,Arunachal Pradesh,32.099999999999994,47.74,2.7742,0.36314776135169025,0.1048,0.11790796969121783
East Siang,Arunachal Pradesh,16.200000000000003,63.3,3.6710000000000003,0.7051924200537956,0.0017000000000000001,0.17960088691796008
Kra Daadi,Arunachal Pradesh,44.7,49.89,10.8666,3.2200555398085573,-0.1164,0.0928071823781188
Kurung Kumey,Arunachal Pradesh,23.5,55.22,15.27,4.724588908184276,0.3564,0.14827799546298207
Lohit,Arunachal Pradesh,26.599999999999994,51.24,7.5649,2.238817285289856,0.0015,0.06163084702907712
Longding,Arunachal Pradesh,28.099999999999994,79.7,0.5979,0.060729669970429584,0.031,0.15390096188101177
Namsai,Arunachal Pradesh,32.900000000000006,76.57,18.1927,2.2136484321972483,0.11199999999999999,0.17786790266512167
Siang,Arunachal Pradesh,12.599999999999994,71.97,3.3487999999999998,0.49752361649908955,0.34380000000000005,0.19368998628257889
Tirap,Arunachal Pradesh,24.900000000000006,69.91,10.5359,1.9406643027431572,0.0045000000000000005,0.56569389575634
West Siang,Arunachal Pradesh,22.099999999999994,64.24000000000001,0.1331,0.017722617680826634,0.4929,0.04748201438848921
Kokrajhar,Assam,26.299999999999997,54.82,53.6417,20.841930096060615,-2.5116,0.6267720713073005
Goalpara,Assam,25.900000000000006,53.0,15.550799999999999,6.46408170274926,0.5336,0.014666679051449484
Barpeta,Assam,25.200000000000003,58.21,88.90559999999999,27.344804230222767,2.8604000000000003,0.03794364379436438
Morigaon,Assam,21.299999999999997,58.64,42.966499999999996,15.295234893526768,-0.41340000000000005,0.26150041597655266
Lakhimpur,Assam,16.099999999999994,50.55,113.5307,48.24095740889871,1.6669999999999998,0.004022082018927444
Dhemaji,Assam,18.5,49.14,59.162299999999995,26.61042568136277,1.173,0.027041752376716518
Tinsukia,Assam,29.5,53.29,18.4647,7.2686562555288985,-0.7143,0.007601529170591169
Dibrugarh,Assam,23.400000000000006,49.96,36.7987,16.1474895549801,0.8621,0.047886011452963194
Golaghat,Assam,24.900000000000006,56.1,33.4157,12.642379183996518,0.5671,0.039588611184633415
Dima Hasao,Assam,12.299999999999997,59.82,5.9952,2.0580246778126092,0.1751,0.0865205557942988
Cachar,Assam,22.799999999999997,72.18,112.7595,23.42762581619586,3.1642,0.026116018735944935
Karimganj,Assam,19.299999999999997,31.930000000000007,42.966499999999996,28.21651011235789,-0.41340000000000005,0.0
Hailakandi,Assam,17.799999999999997,75.96000000000001,21.2234,3.9324331810394058,-0.09480000000000001,0.017299137789005437
Bongaigaon,Assam,24.200000000000003,58.06,18.0407,5.992747846932965,0.5212,0.17652007069876466
Chirang,Assam,28.5,52.15,54.082,21.90060157937212,3.1736,0.39212211483055914
Kamrup,Assam,20.400000000000006,61.15,57.8716,17.170326633037714,2.1216,0.04261915406659288
Kamrup Metropolitan,Assam,14.0,53.19,2.8255,1.1732023608528706,0.0175,0.12122711528946066
Nalbari,Assam,16.099999999999994,62.46,60.88399999999999,19.475737495545335,1.8376,0.023818044455047916
Baksa,Assam,25.200000000000003,43.97,52.061400000000006,26.963455694172293,6.7016,0.12904425436965414
Darrang,Assam,24.400000000000006,56.21,29.667800000000003,10.346240735612932,-0.4194,0.02708586564104425
Udalguri,Assam,30.0,54.18,77.8836,33.176310997872214,2.3637,0.18989830321626414
Biswanath,Assam,30.799999999999997,51.19,17.0548,7.980022979694507,10.8597,0.041556187056347574
Charaideo,Assam,28.099999999999994,52.37,5.665299999999999,2.289615960056505,0.025,0.16704701049748974
Dhubri,Assam,30.5,58.57,81.58970000000001,27.555094198515214,2.5577,0.45646487294469357
Hojai,Assam,16.799999999999997,59.19,45.3191,16.226164045097047,2.2874,0.27712046035054755
Jorhat,Assam,14.900000000000006,51.0,19.429000000000002,8.124457982767574,-0.8527,0.00942935062262015
Karbi Anglong,Assam,21.200000000000003,51.15,28.2548,12.606577494751805,7.0964,0.04437269704862153
Majuli,Assam,16.599999999999994,59.32,22.7124,8.254748564206736,0.451,0.004102167182662539
Nagaon,Assam,21.599999999999994,60.59,72.61449999999999,23.93752906969311,1.8557,0.12382094380267845
Sivasagar,Assam,13.400000000000006,51.46,13.3466,5.524710973419165,-0.2397,0.025302905723017733
Sonitpur,Assam,23.099999999999994,56.37,64.8481,25.791335310760342,-8.2453,0.31730704854007813
South Salmara Mancachar,Assam,36.5,46.64,17.9764,8.710468034168834,8.5169,0.058558467944720485
West Karbi Anglong,Assam,26.099999999999994,52.71,5.9047,2.601517862332748,-5.905,0.048100460975997454
Pashchim Champaran,Bihar,47.5,43.46,58.5784,29.411746578358283,5.0634,0.32210888648810443
Purba Champaran,Bihar,49.8,44.36,147.4407,63.427253146767335,5.8065,0.04240005457770501
Sheohar,Bihar,47.5,47.51,35.0512,13.485291694218208,4.3353,0.3758023337997086
Sitamarhi,Bihar,48.3,44.33,94.48379999999999,39.88794466379014,4.7076,0.08385356185553508
Madhubani,Bihar,46.8,35.510000000000005,103.0026,54.41364193674914,2.0621,0.06362243187586801
Supaul,Bihar,57.9,43.62,76.0837,35.606300060478745,16.6759,0.19553266119637022
Araria,Bihar,56.3,71.77,93.2594,21.800478263541944,8.576799999999999,0.050019083160171326
Kishanganj,Bihar,52.0,47.03,64.24380000000001,28.944035964062937,4.4067,0.06320298466215282
Purnia,Bihar,52.5,38.54,115.0565,51.74825846829952,9.8824,0.0357375225127533
Katihar,Bihar,50.3,40.0,97.50049999999999,47.41621397708455,2.742,0.06877349980798257
Madhepura,Bihar,52.4,46.62,126.4945,55.76254974436551,1.9386,0.11926712285585424
Saharsa,Bihar,56.9,43.28,137.3274,69.58271206389162,1.6634,0.07508047366774319
Darbhanga,Bihar,50.6,40.56,132.2194,63.56870540876367,7.597,0.129414529029306
Muzaffarpur,Bihar,37.0,45.64,86.06280000000001,39.268784664458956,15.855599999999999,0.25143465943485316
Gopalganj,Bihar,36.7,54.95,47.1757,15.625179738215405,3.4787,0.07404498206477626
Siwan,Bihar,29.099999999999994,52.68,39.8962,16.314863127955793,4.0223,0.11213701916371446
Saran,Bihar,34.400000000000006,49.89,144.8601,55.22005182128545,7.9895000000000005,0.005046241221842741
Vaishali,Bihar,37.6,35.879999999999995,112.2309,54.385663649932205,4.7806999999999995,0.011083743842364532
Samastipur,Bihar,45.7,41.45,178.7128,82.42728103206474,9.7168,0.21816563606705824
Begusarai,Bihar,37.7,36.52,93.23649999999999,34.424668626442546,4.8749,0.19095445314766463
Khagaria,Bihar,48.2,30.290000000000006,24.5674,14.194535916192814,0.8651000000000001,0.03763226313561884
Bhagalpur,Bihar,34.400000000000006,53.12,110.0708,38.93352199345786,4.2891,0.3331299880231478
Banka,Bihar,44.3,43.97,97.441,42.55490072091833,1.2779,0.12904425436965414
Munger,Bihar,30.5,48.17,65.82560000000001,21.712132894728278,4.7011,0.07386172006745363
Lakhisarai,Bihar,42.1,44.96,48.1304,20.15901582599186,1.2833,0.015581577314302673
Sheikhpura,Bihar,45.0,48.72,18.0145,8.16850949287132,0.2061,0.04874201639386652
Nalanda,Bihar,43.9,42.27,76.30810000000001,36.41730396400767,2.6456999999999997,0.07355972991822439
Patna,Bihar,32.400000000000006,46.01,59.241899999999994,30.084621433872268,33.7551,0.024250580297871187
Bhojpur,Bihar,35.900000000000006,56.14,43.5359,16.099886277266577,4.3708,0.39952886366820795
Buxar,Bihar,31.900000000000006,61.1,39.2933,12.04508533291459,6.840599999999999,0.03194542531291791
Kaimur (Bhabua),Bihar,34.0,53.53,47.2121,18.67524272233443,3.9355,0.13514334674234046
Rohtas,Bihar,23.5,57.13,55.2458,18.147533570145796,2.2959,0.12149995542921664
Aurangabad,Bihar,32.400000000000006,53.61,116.7611,44.81659053173813,4.8605,0.13156295478897792
Gaya,Bihar,40.6,42.25,99.4255,47.387036845830636,12.8873,0.05015113747063205
Nawada,Bihar,37.9,50.71,86.29639999999999,34.804769650903864,2.6968,0.11028176399456377
Jamui,Bihar,51.3,45.45,107.97540000000001,44.59591383541084,0.6463,0.11594837015970247
Jehanabad,Bihar,36.8,53.38,60.8391,21.775741480024486,1.8795,0.3834965472438103
Arwal,Bihar,37.5,53.54,45.0987,16.080722287508152,0.8715999999999999,0.18441892842707225
Chandigarh,Chandigarh,17.0,76.14,53.8559,10.63792531305846,0.09630000000000001,0.07015237817048829
Koriya,Chhattisgarh,22.900000000000006,51.79,143.79840000000002,45.341549122475314,2.7995,0.04232441198767837
Jashpur,Chhattisgarh,24.900000000000006,55.05,116.9048,40.09034872935311,6.917999999999999,0.05013455974326254
Raigarh,Chhattisgarh,24.0,55.42,98.2427,28.34789469669633,2.7853,0.029056525640140798
Korba,Chhattisgarh,22.400000000000006,51.79,82.337,30.214342185756795,8.7697,0.04232441198767837
Janjgir - Champa,Chhattisgarh,23.0,49.92,118.4166,42.452242143091055,4.4426,0.02105304632195532
Rajnandgaon,Chhattisgarh,17.599999999999994,43.21,314.4408,150.20074235781462,0.3308,0.01987593090688599
Mahasamund,Chhattisgarh,27.400000000000006,51.54,112.0364,46.50312693089767,4.385,0.013920068098174868
Dhamtari,Chhattisgarh,16.299999999999997,47.59,124.7018,55.29168542303922,0.7613,0.02642586993508675
Narayanpur,Chhattisgarh,46.2,50.33,15.7202,6.85000644638369,2.9182,0.1614458824499217
Bijapur,Chhattisgarh,53.7,50.35,41.9662,17.844630912818875,1.2074,0.12882430459094632
Baloda Bazar,Chhattisgarh,25.0,49.56,115.57,44.336679151913934,-53.493,0.009084615976275735
Balrampur,Chhattisgarh,33.2,67.45,108.0754,27.161375513165396,1.4616999999999998,0.07630068680026343
Bastar,Chhattisgarh,45.4,49.84,56.9374,19.17872325965395,4.0186,0.04373916059660076
Bemetara,Chhattisgarh,25.900000000000006,51.38,64.0719,25.471612449327914,0.6615000000000001,0.027414131277653606
Bilaspur,Chhattisgarh,25.700000000000003,50.16,185.72189999999998,69.68986213463958,6.3751999999999995,0.029773444684711554
Dantewada,Chhattisgarh,49.7,51.23,36.575,13.858575807191926,0.0889,0.07888609695935822
Durg,Chhattisgarh,15.400000000000006,37.06,71.9554,38.61306615602805,2.9211,0.015471179378591372
Gariyaband,Chhattisgarh,27.900000000000006,49.88,120.46430000000001,50.31919083193055,2.9949,0.019489040060468633
Kodagaon,Chhattisgarh,43.9,48.71,57.6369,22.35455600813157,-21.8312,0.011985493812102585
Mungeli,Chhattisgarh,31.400000000000006,52.46,79.8942,30.749959477671645,1.3774000000000002,0.040159055193104434
Raipur,Chhattisgarh,18.700000000000003,46.16,139.371,54.819461611186135,-15.386400000000002,0.027286372677831246
Sukma,Chhattisgarh,59.5,50.27,77.0607,28.518233632426846,6.1957,0.04722882113200968
Surajpur,Chhattisgarh,31.700000000000003,55.1,196.97650000000002,53.73773251524345,1.9555,0.00846225897096347
Surguja,Chhattisgarh,26.299999999999997,57.31,88.71719999999999,24.84261460429689,4.9454,0.02469891814656052
Daman,Dadra and Nagar Haveli & Daman and Diu,14.099999999999994,68.35,0.0,0.0,0.0,0.0412224591329069
Dadra & Nagar Haveli,Dadra and Nagar Haveli & Daman and Diu,27.200000000000003,33.06999999999999,0.0,0.0,0.0,0.03838657282079047
North Goa,Goa,7.599999999999994,23.86,0.6879000000000001,0.3297518727741619,0.9523,0.013470281192119885
South Goa,Goa,6.200000000000003,23.86,0.6522,0.29512241188751076,0.6095,0.013470281192119885
Kachchh,Gujarat,24.400000000000006,52.55,48.6119,15.697722016143238,1.0490000000000002,0.4977268107957767
Banas Kantha,Gujarat,36.3,56.79,40.625,12.708915473756928,1.0061,0.3081879628066725
Patan,Gujarat,28.900000000000006,58.48,18.4287,5.436560296230516,0.6931,0.2545897856406833
Mahesana,Gujarat,24.900000000000006,64.07,21.1893,4.8269958406445745,0.9175,0.1880258567617484
Gandhinagar,Gujarat,18.200000000000003,56.0,10.5319,2.489220995861468,0.1267,0.488868764621538
Porbandar,Gujarat,15.700000000000003,44.28,5.614400000000001,2.3923047037407437,0.13269999999999998,0.4475145744937735
Amreli,Gujarat,22.799999999999997,51.0,13.9748,6.088790404829829,0.18780000000000002,0.6885997856763714
Anand,Gujarat,24.099999999999994,54.78,6.320399999999999,1.925279922711058,0.3411,0.446814049048956
Dohad,Gujarat,43.9,54.96,181.40290000000002,51.865782008761336,8.9052,0.1904959509696556
Narmada,Gujarat,32.7,49.37,65.1065,26.886430920936178,0.5075999999999999,0.1477564422353037
Bharuch,Gujarat,26.0,54.64,8.3915,2.4406141082108737,0.9679000000000001,0.6198304268947388
Navsari,Gujarat,15.900000000000006,26.459999999999994,26.9371,12.26765866296662,1.5130000000000001,0.026604870304458045
Valsad,Gujarat,17.099999999999994,41.38,19.708099999999998,9.394971900957529,0.5649000000000001,0.03556911978913782
Surat,Gujarat,15.799999999999997,55.25,32.7983,8.335351361220269,1.6528,0.028918468506965216
Tapi,Gujarat,28.0,46.1,42.8045,9.47579749658373,4.5699000000000005,0.28146541143376524
Ahmadabad,Gujarat,18.5,70.98,11.0868,2.4003678353183635,0.3118,0.04263837796218667
Aravali,Gujarat,28.099999999999994,54.88,37.2623,10.183825044580349,0.9323999999999999,0.24618783808787836
Bhavnagar,Gujarat,25.799999999999997,50.23,18.529,8.209265644033879,0.624,0.7416756543920018
Botad,Gujarat,28.200000000000003,52.19,8.52,3.1455032660632183,0.1051,0.5086886005560705
Chhota Udaipur,Gujarat,46.8,60.04,63.4803,18.764006183090718,1.9363,0.37392418528188764
Devbhumi Dwarka,Gujarat,33.900000000000006,59.96,6.1303,1.7777078669612598,0.29350000000000004,0.5642610561671954
Gir Somnath,Gujarat,26.900000000000006,42.47,6.0816,2.808344408899415,0.2278,0.8289040964676082
Jamnagar,Gujarat,16.900000000000006,57.08,13.0374,4.469319578903153,0.7313,0.3067065805367365
Junagadh,Gujarat,17.200000000000003,53.66,9.825700000000001,3.536428523946876,0.3065,0.6693464119967241
Kheda,Gujarat,29.099999999999994,68.1,11.1877,1.9748992264053638,1.7738999999999998,0.5597246761511602
Mahisagar,Gujarat,29.099999999999994,58.7,22.4319,6.978063320993693,0.4241,0.4694452169076752
Morbi,Gujarat,17.599999999999994,54.78,3.5353,1.1608758823020766,0.0207,0.813881961762261
Panch Mahals,Gujarat,28.299999999999997,59.25,114.04700000000001,25.188451643397194,7.800700000000001,0.2971596117646236
Rajkot,Gujarat,15.299999999999997,52.89,9.4736,2.8554605394815864,0.0729,0.7870075011159134
Sabar Kantha,Gujarat,25.5,50.99,25.6529,10.816183465167407,1.0123,0.3909695333856489
Surendranagar,Gujarat,24.900000000000006,61.02,32.5617,6.43252750290746,0.7837999999999999,0.4683599529572442
Vadodara,Gujarat,15.400000000000006,62.61,6.4139,1.449953592179286,0.3986,0.560680686941339
Panchkula,Haryana,12.099999999999994,78.87,5.6484000000000005,0.6579841528303574,0.028999999999999998,0.07840930407053086
Ambala,Haryana,11.099999999999994,75.35,6.1385000000000005,0.9254458113988009,-0.2551,0.18635602010691774
Yamunanagar,Haryana,12.900000000000006,71.61,12.2686,1.8432214390187887,0.1007,0.11888143998530627
Kurukshetra,Haryana,16.099999999999994,43.12,6.7692,3.0798855402542373,0.08560000000000001,0.28265102152072896
Kaithal,Haryana,26.0,40.64,15.1953,7.794375751582088,0.1266,0.03564745957875546
Karnal,Haryana,15.5,39.31,44.3336,18.110950868648935,0.048799999999999996,0.08403983866984938
Panipat,Haryana,14.099999999999994,49.16,13.287,4.244179712763414,0.09230000000000001,0.10160568570676494
Sonipat,Haryana,10.900000000000006,55.03,6.5851999999999995,1.930005970959848,-0.207,0.15939412177751028
Jind,Haryana,16.400000000000006,49.1,30.755,10.814692308896596,-0.0911,0.11107871720116617
Fatehabad,Haryana,26.799999999999997,43.94,59.8062,22.366796994864625,-0.3392,0.013625800411281828
Sirsa,Haryana,26.900000000000006,46.38,20.3401,9.080518141463637,0.1148,0.12970212081400648
Hisar,Haryana,20.200000000000003,44.6,32.4682,14.490235800344236,0.3611,0.21383978131378845
Rohtak,Haryana,11.5,49.09,11.885,4.462750165328454,0.2414,0.07763786365610074
Jhajjar,Haryana,10.900000000000006,53.37,5.4543,1.7146537110815996,-0.191,0.13723619887921784
Mahendragarh,Haryana,17.299999999999997,58.74,16.6526,3.984327931489221,-0.08460000000000001,0.08424677669984461
Rewari,Haryana,12.599999999999994,52.56,1.8349000000000002,0.5845962730189426,0.0441,0.4127524393011119
Mewat,Haryana,54.9,59.23,65.2928,17.86504209638033,0.20600000000000002,0.2126865671641791
Faridabad,Haryana,15.599999999999994,59.59,1.7652,0.3930075373096829,0.0008,0.023038786818314377
Palwal,Haryana,28.900000000000006,62.05,11.3681,2.56680998333952,0.0698,0.23163090943611164
Bhiwani,Haryana,20.0,45.36,13.179,5.169909029059309,0.1161,0.09169963819478238
Charkhi Dadri,Haryana,15.599999999999994,59.0,1.9936,0.5922596092685144,-0.0253,0.11496624156039009
Chamba,Himachal Pradesh,15.900000000000006,49.18,142.2553,59.04925093745623,0.5635,0.0674081634800543
Kangra,Himachal Pradesh,5.599999999999994,28.129999999999995,115.8706,49.58247688310426,0.1598,0.13591752436547358
Lahul & Spiti,Himachal Pradesh,13.799999999999997,36.72,3.2708999999999997,1.6581520074928153,0.1002,0.0802045288531775
Kullu,Himachal Pradesh,12.599999999999994,46.83,46.4011,18.485068682997408,0.13369999999999999,0.03336444237050863
Mandi,Himachal Pradesh,6.0,32.0,165.2709,85.96162030943019,0.7964,0.049306404726391556
Hamirpur,Himachal Pradesh,5.200000000000003,58.92,31.3414,7.639415931299329,0.106,0.10538674033149172
Una,Himachal Pradesh,7.5,32.480000000000004,40.0212,15.504558807583406,0.1206,0.0798494983277592
Bilaspur,Himachal Pradesh,8.799999999999997,50.16,23.2973,8.319032781521896,0.10640000000000001,0.029773444684711554
Solan,Himachal Pradesh,9.0,51.07,21.2284,6.572068683125639,0.0913,0.08853150303927507
Sirmaur,Himachal Pradesh,15.099999999999994,58.6,46.3883,11.653453939968998,0.1589,0.07334443396794191
Shimla,Himachal Pradesh,6.599999999999994,50.12,50.0467,20.29653492012619,0.7371,0.05564420027872594
Kinnaur,Himachal Pradesh,10.900000000000006,38.51,21.6897,10.853356674868474,0.0053,0.025611804222648752
Kupwara,Jammu & Kashmir,24.0,66.12,101.59549999999999,21.143055323507475,1.0299,0.010871220195499253
Badgam,Jammu & Kashmir,25.900000000000006,89.71000000000001,36.1566,1.9218480399703923,0.2762,0.016023371104815862
Punch,Jammu & Kashmir,20.700000000000003,61.08,74.6691,18.295727363098376,0.5577000000000001,0.028751315097317202
Rajouri,Jammu & Kashmir,20.599999999999994,65.61,67.3762,15.304550099514284,0.9721,0.023310524881295636
Kathua,Jammu & Kashmir,12.299999999999997,76.99,28.5568,3.622730228356438,0.3627,0.018123422803395274
Baramula,Jammu & Kashmir,32.099999999999994,84.2,41.103100000000005,3.7545577992322903,0.44229999999999997,0.007004621606008087
Bandipore,Jammu & Kashmir,33.400000000000006,74.73,16.5569,3.051485195767528,0.3764,0.011759485245174173
Srinagar,Jammu & Kashmir,21.599999999999994,75.11,1.4203999999999999,0.182983941209723,0.0348,0.01890909090909091
Ganderbal,Jammu & Kashmir,36.0,70.34,14.3114,2.5963834411347584,0.2082,0.004170696324951644
Pulwama,Jammu & Kashmir,23.400000000000006,84.44,35.9754,2.919562674681489,0.3529,0.015263768633401767
Shupiyan,Jammu & Kashmir,19.200000000000003,89.46000000000001,17.9949,1.066804884163521,0.15960000000000002,0.034102109205598266
Kulgam,Jammu & Kashmir,29.099999999999994,66.32,45.812,9.759659702956174,0.6077,0.008877352934761272
Doda,Jammu & Kashmir,30.799999999999997,56.08,92.1497,26.458879601995335,0.72,0.016792231472712624
Ramban,Jammu & Kashmir,37.8,68.35,24.0002,5.80839634398253,0.5867,0.0412224591329069
Kishtwar,Jammu & Kashmir,28.700000000000003,63.13,121.1902,30.365298189887007,0.5881000000000001,0.024869075501986894
Udhampur,Jammu & Kashmir,22.700000000000003,81.57,27.7795,3.5203277199621565,0.3197,0.01828905039914214
Reasi,Jammu & Kashmir,31.799999999999997,60.66,52.9353,13.57393471721829,0.5445,0.024114488398443275
Jammu,Jammu & Kashmir,8.5,82.1,17.6265,2.085492452978825,0.2762,0.014658309745248685
Samba,Jammu & Kashmir,15.200000000000003,70.47,6.516,1.037800087726691,0.1054,0.020610613502841182
Garhwa,Jharkhand,37.3,55.81,148.8455,37.171512994098535,3.0202,0.11202604274197808
Chatra,Jharkhand,38.2,55.26,80.5596,21.454616008104654,0.8347,0.10115758813284488
Kodarma,Jharkhand,33.099999999999994,49.59,39.4918,12.944086936783444,2.2252,0.029063219646669244
Giridih,Jharkhand,42.7,53.04,165.10299999999998,49.67624005902651,7.510700000000001,0.014219087703332954
Deoghar,Jharkhand,45.8,64.03999999999999,98.1392,21.1724745669941,1.0712000000000002,0.14759126721597401
Godda,Jharkhand,49.6,61.77,72.21430000000001,15.867015188802057,-0.0088,0.07966684470556816
Sahibganj,Jharkhand,45.1,60.8,40.8936,11.15740727467114,7.0764,0.03705351648663745
Pakur,Jharkhand,53.3,62.39,34.357600000000005,8.714222470526801,5.4038,0.29733026388125344
Dhanbad,Jharkhand,28.0,60.76,66.3687,18.787981913308307,2.082,0.03579621783610623
Lohardaga,Jharkhand,32.5,52.36,22.3995,6.538189726711994,0.6729,0.18218327856882074
Palamu,Jharkhand,34.599999999999994,59.47,93.26979999999999,26.84363812081097,8.079500000000001,0.06797044369665052
Latehar,Jharkhand,41.3,56.42,75.81819999999999,21.66969125563724,9.1434,0.06469672096645199
Hazaribagh,Jharkhand,30.299999999999997,55.51,74.0945,21.438619326067705,3.3064,0.12226864464094964
Ramgarh,Jharkhand,27.299999999999997,57.03,43.3232,10.214376893903067,2.1153,0.043890256646415986
Dumka,Jharkhand,44.4,60.13,118.06309999999999,29.267781679770884,3.6345,0.16182345191040842
Jamtara,Jharkhand,42.6,64.19,81.5808,19.800108298106483,1.3659000000000001,0.023183590005751167
Ranchi,Jharkhand,21.599999999999994,56.38,94.3573,22.6265693315724,1.6153,0.10952834842918521
Khunti,Jharkhand,40.1,62.31,32.9404,8.091698150014558,4.3656,0.10308906355407038
Gumla,Jharkhand,30.700000000000003,60.28,62.4709,14.009639269390561,3.6473,0.11738563463037352
Simdega,Jharkhand,31.200000000000003,58.58,51.8065,12.33506951279662,0.7631,0.2775657762602932
Saraikela-Kharsawan,Jharkhand,31.700000000000003,52.44,50.5047,18.89558309761789,0.5696,0.04680774901773615
Bijapur,Karnataka,33.400000000000006,50.35,41.9662,17.844630912818875,1.2074,0.12882430459094632
Bidar,Karnataka,26.200000000000003,47.15,123.51350000000001,42.780730738038244,1.9668999999999999,0.22848156736721018
Raichur,Karnataka,45.7,48.75,381.0726,145.8654363074658,11.6846,0.13291887452726064
Koppal,Karnataka,40.2,50.22,210.6425,66.54726624588497,8.1682,0.45004031979904324
Gadag,Karnataka,29.299999999999997,53.78,135.3498,38.394599775558305,0.9523999999999999,0.1327880904245543
Dharwad,Karnataka,18.200000000000003,57.01,75.9412,19.928619043845046,1.1541,0.3429160380793841
Uttara Kannada,Karnataka,15.700000000000003,51.39,62.5316,20.623965569377578,1.0431,0.18773928717091848
Haveri,Karnataka,28.5,55.3,145.1632,37.58620235684808,3.9663,0.24476368262517542
Bellary,Karnataka,35.599999999999994,50.31,265.7691,95.32087921776558,6.1266,0.20406990236767825
Chitradurga,Karnataka,24.400000000000006,49.35,300.7912,86.77411175869032,1.1353,0.280452755298255
Davanagere,Karnataka,24.0,52.76,192.72220000000002,46.16510428485813,-2.9812,0.2737564782954594
Shimoga,Karnataka,20.200000000000003,50.18,134.4853,44.42317327850086,4.4317,0.14573499183477817
Udupi,Karnataka,9.700000000000003,38.18,17.229100000000003,7.623085989190306,0.17800000000000002,0.06034853186918119
Chikmagalur,Karnataka,17.099999999999994,53.17,112.66760000000001,31.736348233066582,1.6428,0.2683092224231465
Tumkur,Karnataka,18.099999999999994,50.83,233.953,69.80755966343854,5.4176,0.35476704198346654
Mandya,Karnataka,21.700000000000003,51.0,130.2556,37.44410090385861,2.7676999999999996,0.040044060612660304
Hassan,Karnataka,18.0,51.7,221.078,57.88050091525858,1.5424,0.15727021402168173
Dakshina Kannada,Karnataka,7.299999999999997,53.36,58.7231,15.208188938184703,0.7786,0.27791220935691946
Kodagu,Karnataka,11.5,52.11,22.4328,6.044678121378013,0.6369,0.49791809654541297
Chamarajanagar,Karnataka,27.599999999999994,50.07,117.4218,35.32571225857418,1.0063,0.19808946344811806
Yadgir,Karnataka,51.9,51.3,107.1335,39.49632578902315,7.891699999999999,0.355950940123698
Kolar,Karnataka,21.700000000000003,50.52,204.1465,57.358425029849315,7.0148,0.24478010349087329
Chikkaballapura,Karnataka,23.700000000000003,50.97,139.6565,46.14248058186035,2.1792,0.22399319316222205
Bangalore Rural,Karnataka,16.200000000000003,52.56,51.201800000000006,14.06085315575057,1.9350999999999998,0.17907438295716066
Ramanagara,Karnataka,17.299999999999997,57.08,0.0,0.0,0.0,0.3067065805367365
Kasaragod,Kerala,4.099999999999994,17.689999999999998,120.31819999999999,95.80791486446935,0.46509999999999996,0.009318369448826622
Kannur,Kerala,0.9000000000000057,10.560000000000002,146.361,113.0837780848101,0.9381,0.002312464417980878
Wayanad,Kerala,6.299999999999997,22.64,128.1114,87.70311939758193,0.21780000000000002,0.005428499169015102
Kozhikode,Kerala,0.9000000000000057,14.900000000000006,296.6348,214.06568283457437,1.1246,0.003600461309105229
Malappuram,Kerala,0.7999999999999972,19.069999999999993,171.9575,122.21453780124915,1.2134,0.005962166125886057
Palakkad,Kerala,5.599999999999994,13.89,226.83450000000002,177.09556105976833,0.8008,0.005487071022140563
Thrissur,Kerala,0.5999999999999943,13.230000000000004,180.5886,134.60169949732403,0.7091,0.0019478349572619508
Ernakulam,Kerala,0.7000000000000028,14.930000000000007,164.62529999999998,115.082852776236,0.5991,0.011750055346468896
Idukki,Kerala,5.599999999999994,33.06,208.8576,120.61707844033012,0.6995999999999999,0.009937742800292058
Kottayam,Kerala,0.29999999999999716,13.180000000000007,128.0872,99.44588633474537,0.49060000000000004,0.013071056030023474
Alappuzha,Kerala,0.29999999999999716,19.069999999999993,268.3475,189.85532687943495,44.67100000000001,0.005962166125886057
Pathanamthitta,Kerala,0.29999999999999716,13.260000000000005,108.1708,79.18275214290797,0.5868,0.007657154653879719
Kollam,Kerala,1.7999999999999972,17.620000000000005,245.8546,185.57285704654996,0.7918000000000001,0.014975257507794498
Thiruvananthapuram,Kerala,1.5,14.790000000000006,303.4984,243.87333199837948,1.0173999999999999,0.01429504479524813
Leh(Ladakh),Ladakh,23.599999999999994,42.75,30.883200000000002,13.398683265534723,0.20850000000000002,0.042557077625570774
Kargil,Ladakh,22.799999999999997,37.52,36.6791,18.371281620380234,0.1085,0.029346023505660106
Sheopur,Madhya Pradesh,45.2,61.05,98.09729999999999,20.13679800037069,0.8398,0.5249337089064035
Morena,Madhya Pradesh,29.299999999999997,66.25,197.9253,39.66496875622914,1.8222999999999998,0.6003953558523577
Bhind,Madhya Pradesh,26.200000000000003,65.99000000000001,75.4861,17.148637626448007,0.5324,0.6609499833918987
Gwalior,Madhya Pradesh,21.900000000000006,68.82,65.3836,9.797453490127133,1.0901,0.7389390831993792
Datia,Madhya Pradesh,28.799999999999997,69.08,33.052,5.3933293533273785,0.2014,0.3777359129588078
Shivpuri,Madhya Pradesh,37.5,63.93,109.56129999999999,24.565870668938263,1.3306,0.5595806366591501
Tikamgarh,Madhya Pradesh,29.400000000000006,64.14,133.1427,25.135931191437766,0.6156,0.4218238863688876
Chhatarpur,Madhya Pradesh,36.3,63.44,109.72040000000001,24.84227242706996,0.17859999999999998,0.6538530989887872
Panna,Madhya Pradesh,37.1,59.45,69.28739999999999,17.965637535784367,0.4299,0.5470367922449879
Sagar,Madhya Pradesh,25.700000000000003,68.16,113.5382,19.803914535569298,4.3952,0.3650051290029315
Damoh,Madhya Pradesh,31.700000000000003,62.8,102.04299999999999,22.64411145767174,0.4763,0.21401394544899957
Satna,Madhya Pradesh,27.0,61.33,104.13889999999999,22.53932045779685,0.3774,0.5117937518259362
Rewa,Madhya Pradesh,32.3,61.97,76.20859999999999,19.729788240639312,0.2554,0.26995688044554894
Umaria,Madhya Pradesh,32.3,53.14,67.766,23.09159720842829,1.3237,0.12928038587135623
Neemuch,Madhya Pradesh,31.5,67.86,37.3992,7.068442542037347,0.15960000000000002,0.20730313113215595
Mandsaur,Madhya Pradesh,32.8,62.87,94.7555,20.651632746208552,0.4858,0.5760307522818406
Ratlam,Madhya Pradesh,36.6,62.65,81.0293,19.18808181686959,10.0694,0.19608074781812543
Ujjain,Madhya Pradesh,33.7,64.83,62.466300000000004,11.779212299147414,0.1451,0.7054756328761013
Dewas,Madhya Pradesh,32.7,68.65,93.8483,16.810609733000785,2.1948,0.4585256640592609
Dhar,Madhya Pradesh,41.4,55.91,200.7118,50.48171059278314,1.3719,0.7462187238762116
Indore,Madhya Pradesh,18.299999999999997,67.27000000000001,38.3331,6.266008179365189,0.1971,0.4931190282201318
Barwani,Madhya Pradesh,47.5,55.56,83.2281,27.438461316673695,0.8519,0.560091909304838
Rajgarh,Madhya Pradesh,43.5,59.29,163.9235,37.958578971782806,2.9432,0.33003853889756246
Vidisha,Madhya Pradesh,31.099999999999994,69.4,92.42030000000001,16.552590322143256,0.4592,0.2783993200371608
Bhopal,Madhya Pradesh,18.700000000000003,66.53,29.9865,5.970584221970126,0.0391,0.04784342152953969
Sehore,Madhya Pradesh,30.299999999999997,63.05,60.9071,12.325295178047028,10.0944,0.49841253659175977
Raisen,Madhya Pradesh,21.400000000000006,65.8,59.3974,13.550589470708092,1.1567,0.4227001221774741
Betul,Madhya Pradesh,23.900000000000006,54.96,104.8366,35.813281599944126,0.7656999999999999,0.11256488419574572
Harda,Madhya Pradesh,26.099999999999994,58.1,22.8383,6.701137226210356,0.0794,0.7566711895070104
Katni,Madhya Pradesh,28.0,52.52,82.6333,29.187318237170658,0.303,0.3108483330420769
Jabalpur,Madhya Pradesh,27.599999999999994,58.48,59.5415,16.261124635929402,0.1804,0.5305721122953181
Narsimhapur,Madhya Pradesh,26.400000000000006,65.97999999999999,50.8275,11.471595409834038,0.6761,0.5583790371724558
Dindori,Madhya Pradesh,33.2,52.37,182.8591,62.84793951108275,0.3179,0.41920793360619935
Mandla,Madhya Pradesh,30.900000000000006,51.28,162.1772,66.71302953721978,1.2844,0.22894575247169757
Chhindwara,Madhya Pradesh,25.0,53.96,181.7423,58.79557483795575,0.8062999999999999,0.07378422835026609
Seoni,Madhya Pradesh,26.299999999999997,51.99,129.6612,44.878262886543034,0.17850000000000002,0.08571630451046568
Balaghat,Madhya Pradesh,20.200000000000003,47.98,219.7566,83.63511800294131,4.6363,0.1843297860799069
Guna,Madhya Pradesh,43.2,64.6,80.55810000000001,15.49979554107752,2.537,0.6327267992578367
Ashoknagar,Madhya Pradesh,38.7,64.06,54.6517,11.429144080071248,1.1653,0.6389552203977816
Shahdol,Madhya Pradesh,27.900000000000006,52.26,80.8796,31.284856240932218,0.39299999999999996,0.10123897756446032
Anuppur,Madhya Pradesh,25.0,51.72,76.6474,31.1468032641938,0.46090000000000003,0.39605756064794484
Sidhi,Madhya Pradesh,28.299999999999997,57.15,66.0354,20.204616750648487,0.2892,0.6147663241630759
Singrauli,Madhya Pradesh,34.599999999999994,58.72,71.1637,22.159766707750435,0.4036,0.5652987760979121
Jhabua,Madhya Pradesh,61.4,54.01,138.0442,38.731109710616636,1.035,0.6043745226454015
Alirajpur,Madhya Pradesh,57.9,57.86,91.01389999999999,24.562213463849872,0.8208,0.7050559928116212
Burhanpur,Madhya Pradesh,32.400000000000006,57.48,31.5069,9.57098133897322,0.15839999999999999,0.44010033734106047
Shajapur,Madhya Pradesh,38.0,67.57,60.1772,11.01330631855174,0.1487,0.4680345547443572
Nandurbar,Maharastra,42.3,58.6,68.00439999999999,20.841585867292647,-2.262,0.10225467485428087
Dhule,Maharastra,31.200000000000003,60.44,79.51689999999999,15.792520792270032,-0.92,0.27756868016466435
Jalgaon,Maharastra,23.5,65.57,55.5964,10.624604625855724,-2.8838999999999997,0.1302314850419134
Buldana,Maharastra,20.099999999999994,66.21000000000001,51.1399,12.145608176154902,-2.4423,0.1904598946748037
Akola,Maharastra,12.5,66.02000000000001,34.3694,9.07182035337433,-1.6771,0.09818682579756713
Washim,Maharastra,22.0,59.59,26.546599999999998,8.044716189677493,-2.642,0.25904718551971156
Amravati,Maharastra,12.200000000000003,59.16,182.2626,50.93435604171923,-4.062200000000001,0.08195340058867144
Wardha,Maharastra,7.0,61.35,35.0404,7.2810530597891105,-0.6229,0.32438900321394715
Nagpur,Maharastra,5.400000000000006,60.79,47.5279,13.285055689692596,-2.3194999999999997,0.17113686087026983
Bhandara,Maharastra,10.900000000000006,42.66,81.6838,32.547438955373565,-2.3944,0.09053833605220228
Gondiya,Maharastra,12.5,43.49,114.0134,50.317401732212346,-3.8879,0.13411678270780977
Gadchiroli,Maharastra,20.599999999999994,51.22,57.8577,20.815802570611314,-4.5673,0.05858395224102441
Chandrapur,Maharastra,12.200000000000003,50.29,80.2137,28.37399186118603,-4.3738,0.23382321561933211
Yavatmal,Maharastra,19.200000000000003,59.02,84.7136,25.364514308226212,-2.3752,0.3787362440415367
Nanded,Maharastra,28.099999999999994,56.16,71.5429,23.428272396899164,-3.4057,0.06684305959561099
Hingoli,Maharastra,23.5,60.9,60.064499999999995,15.388743945785485,-0.4864,0.1759328960103237
Parbhani,Maharastra,26.599999999999994,62.23,31.73,6.837708590085588,-2.5086,0.2515123739688359
Jalna,Maharastra,28.200000000000003,54.85,49.9186,14.058126055117114,-4.2682,0.4689228479348121
Aurangabad,Maharastra,16.900000000000006,53.61,116.7611,44.81659053173813,4.8605,0.13156295478897792
Nashik,Maharastra,20.0,62.72,59.938900000000004,16.16408889927448,-0.22039999999999998,0.11202678203763818
Raigarh,Maharastra,20.799999999999997,55.42,98.2427,28.34789469669633,2.7853,0.029056525640140798
Pune,Maharastra,11.0,57.02,15.437899999999999,5.326590364252158,-1.2928,0.25211015545702226
Ahmadnagar,Maharastra,13.799999999999997,57.08,13.0374,4.469319578903153,0.7313,0.3067065805367365
Bid,Maharastra,23.700000000000003,47.15,123.51350000000001,42.780730738038244,1.9668999999999999,0.22848156736721018
Latur,Maharastra,16.700000000000003,59.32,38.2655,11.01487434722647,-5.5624,0.0927888365153108
Solapur,Maharastra,23.599999999999994,62.21,20.8761,6.528222934769306,-1.9318,0.15218900005783356
Satara,Maharastra,12.799999999999997,56.12,25.2255,7.217856498950393,-2.6833,0.1620313971471277
Ratnagiri,Maharastra,12.799999999999997,53.37,34.1411,11.184597183948897,-2.7769,0.19355726150863312
Sindhudurg,Maharastra,7.900000000000006,58.8,16.6565,4.843486796065064,0.5025,0.03467580213903743
Kolhapur,Maharastra,9.299999999999997,57.14,9.836599999999999,3.349077956195762,-0.7236,0.0807026954539359
Sangli,Maharastra,9.700000000000003,61.13,26.4047,6.0066597784397375,-1.9938999999999998,0.17837246837090645
Palghar,Maharastra,22.400000000000006,48.2,68.5149,27.139170226202683,-2.1731,0.05203376469437428
Thane,Maharastra,9.5,58.71,10.0885,2.5069079807447827,0.6347999999999999,0.040245915637274435
Senapati,Manipur,18.099999999999994,61.76,35.185900000000004,8.230052664514028,24.0733,0.03203136935377094
Tamenglong,Manipur,23.200000000000003,64.07,14.7629,3.1417128336966447,5.270499999999999,0.19374313940724477
Churachandpur,Manipur,15.799999999999997,58.78,33.098800000000004,8.387106900875105,4.9609,0.5429695117987389
Bishnupur,Manipur,11.599999999999994,50.16,45.482,11.400491704844091,3.1633999999999998,0.029773444684711554
Thoubal,Manipur,14.599999999999994,43.21,31.222800000000003,9.307082241445936,0.7190000000000001,0.3132029420495399
Imphal West,Manipur,7.5,40.2,50.1417,16.24233131918295,1.2425,0.028581780121573204
Imphal East,Manipur,10.0,41.45,100.16069999999999,25.464725523462462,1.5722,0.18186429650540895
Ukhrul,Manipur,13.099999999999994,57.1,35.7956,9.251090931410376,4.0465,0.1012770485987939
Chandel,Manipur,19.799999999999997,59.15,14.360899999999999,3.6024145079040237,2.3664,0.06920270974465868
South Garo Hills,Meghalaya,11.400000000000006,72.62,98.64959999999999,16.693427056339573,0.13699999999999998,0.5268069533394327
Ribhoi,Meghalaya,10.5,47.79,73.2411,22.05193423817702,0.1516,0.08163419043792688
East Khasi Hills,Meghalaya,6.299999999999997,30.61,197.4091,78.32709960122388,0.3935,0.03548656897993765
East Garo Hills,Meghalaya,13.299999999999997,56.48,75.0189,20.325537808434596,0.14150000000000001,0.7563682430663888
East Jantia Hills,Meghalaya,24.0,28.92,35.5711,17.414131499845126,0.2697,0.07365792759051186
North Garo Hills,Meghalaya,13.900000000000006,49.94,109.4806,32.3691962104292,0.2845,0.5288186046511628
South West Garo Hills,Meghalaya,17.400000000000006,56.41,73.95,16.12495598819889,0.4562,0.7974961696637368
South West Khasi Hills,Meghalaya,14.099999999999994,48.88,47.7856,15.647812628500722,0.13140000000000002,0.7283233532934131
West Garo Hills,Meghalaya,11.0,56.48,211.2734,53.23342702501786,0.6429,0.7563682430663888
West Jaintia Hills,Meghalaya,20.0,30.11,72.6092,34.24175237212579,0.13119999999999998,0.2474919126980877
West Khasi Hills,Meghalaya,12.599999999999994,41.2,101.1785,37.66333133488184,0.40380000000000005,0.02112334764952623
Chandel,Mizoram,19.799999999999997,59.15,14.360899999999999,3.6024145079040237,2.3664,0.06920270974465868
Mamit,Mizoram,10.400000000000006,32.84,53.1823,29.25216939324774,0.051399999999999994,0.04280968709815688
Kolasib,Mizoram,3.0999999999999943,52.58,49.9121,18.156192210249827,-0.036699999999999997,0.003390117806593779
Champhai,Mizoram,2.299999999999997,45.36,78.1795,34.11395305646485,0.054400000000000004,0.38249315346384016
Serchhip,Mizoram,0.29999999999999716,49.54,39.1451,15.015877978741026,0.0581,0.06786888158479168
Lunglei,Mizoram,8.400000000000006,42.71,98.0757,45.529449320106586,0.2409,0.07160096540627514
Lawngtlai,Mizoram,24.0,61.3,81.3756,24.36509606984136,0.0864,0.4566830870279146
Mon,Nagaland,21.799999999999997,60.91,36.1836,8.836749327286213,3.2110000000000003,0.15155728587319245
Mokokchung,Nagaland,6.0,54.52,46.3055,11.894059650373178,0.33240000000000003,0.03951701427003293
Zunheboto,Nagaland,12.900000000000006,75.74,27.8418,3.9974131201352154,1.3428,0.006331222925691436
Wokha,Nagaland,8.400000000000006,60.34,24.286199999999997,6.6104443237107375,1.1879,0.013132694938440492
Dimapur,Nagaland,13.400000000000006,42.25,63.1002,22.64238110821681,-0.0058,0.07334443396794191
Phek,Nagaland,14.200000000000003,65.47,40.218,8.308915525748661,2.1873,0.034432054895233426
Tuensang,Nagaland,22.200000000000003,62.02,39.2421,8.249976251310073,0.1282,0.02536538229254741
Longleng,Nagaland,18.0,65.69,26.0231,3.4798218017953575,0.20929999999999999,0.18123355743934522
Kiphire,Nagaland,26.299999999999997,66.52000000000001,24.4161,4.812249050470211,1.5089,0.5239893031304075
Kohima,Nagaland,4.799999999999997,56.51,35.6959,9.744096604962584,0.6934,0.013785180930499713
Peren,Nagaland,22.400000000000006,61.8,30.3257,7.751617134077952,0.9865,0.006324262169413568
Shahdara,NCT of Delhi,14.5,42.66,81.6838,32.547438955373565,-2.3944,0.09053833605220228
South,NCT of Delhi,13.400000000000006,23.86,0.6522,0.29512241188751076,0.6095,0.013470281192119885
South East,NCT of Delhi,13.200000000000003,23.86,0.6522,0.29512241188751076,0.6095,0.013470281192119885
Bargarh,Odisha,24.299999999999997,61.77,80.6103,20.060866234120542,5.0045,0.12681515134014798
Jharsuguda,Odisha,19.0,55.73,33.6775,9.884430201470725,0.16440000000000002,0.131978538364427
Sambalpur,Odisha,23.400000000000006,56.59,47.9926,13.882734122531327,1.1632,0.12955070913420064
Debagarh,Odisha,30.5,61.77,33.879,7.555683365645025,-2.0456,0.12681515134014798
Sundargarh,Odisha,25.900000000000006,53.31,163.7916,52.00577548492437,2.4194999999999998,0.16720706795707235
Kendujhar,Odisha,33.0,53.81,147.6189,47.00562619954251,-11.578199999999999,0.06601753153965209
Mayurbhanj,Odisha,38.5,54.26,375.9599,99.36912303502426,4.4391,0.10231020051625367
Baleshwar,Odisha,23.5,56.65,76.91590000000001,27.31372540102235,0.39270000000000005,0.19763136310407114
Bhadrak,Odisha,17.400000000000006,59.88,41.0656,13.746382237267209,0.3936,0.18813395645217
Kendrapara,Odisha,13.299999999999997,60.41,54.4187,14.254077430244664,1.4133000000000002,0.12168731253629934
Jagatsinghapur,Odisha,13.700000000000003,61.39,20.8394,5.12435614109927,-0.4783,0.40848739191780326
Cuttack,Odisha,16.799999999999997,60.47,51.2351,14.779562238377778,-0.42100000000000004,0.20087903366422358
Jajapur,Odisha,21.599999999999994,63.44,58.1117,14.410304165769476,-0.32439999999999997,0.1409809423269252
Dhenkanal,Odisha,22.900000000000006,53.39,96.2516,28.609666103379045,1.7364,0.06765218425397813
Nayagarh,Odisha,18.099999999999994,58.18,56.074799999999996,15.11839668192154,0.2369,0.24669017364114165
Khordha,Odisha,14.299999999999997,56.96,28.644699999999997,7.857576193919601,0.18469999999999998,0.06404054365353605
Puri,Odisha,12.299999999999997,61.18,54.4656,14.841595004487894,-0.6007,0.07566287141980271
Ganjam,Odisha,28.099999999999994,47.74,291.5376,110.99537841068073,0.9534,0.11790796969121783
Gajapati,Odisha,49.5,52.78,63.458400000000005,18.810443144269538,-0.17859999999999998,0.13424386812597872
Kandhamal,Odisha,29.700000000000003,53.6,110.9473,32.69460833603196,-0.22,0.22031335821022294
Baudh,Odisha,29.0,56.12,37.7305,11.960541139766615,-0.8711,0.09954357236965933
Subarnapur,Odisha,20.799999999999997,40.52,147.2211,63.3954594082038,-5.346,0.013016475678501036
Balangir,Odisha,30.200000000000003,56.42,138.2028,41.71324158990517,3.3552999999999997,0.2583159218907019
Nuapada,Odisha,42.8,56.0,48.3078,15.969159538942593,14.397,0.18081405823412836
Kalahandi,Odisha,36.2,57.06,112.7975,30.793618318181547,6.4514,0.15606053217600493
Rayagada,Odisha,54.9,53.1,126.366,31.81526824411493,-4.6101,0.22640743784672282
Nabarangapur,Odisha,59.0,55.16,147.2211,41.34305996559669,-5.346,0.47781648892814765
Koraput,Odisha,58.3,58.19,167.92680000000001,40.60215876525528,-1.8499,0.24098981823425272
Malkangiri,Odisha,58.7,59.73,45.643100000000004,12.534788288631617,5.359400000000001,0.26579895148683313
Yanam,Puducherry,16.700000000000003,47.74,291.5376,110.99537841068073,0.9534,0.11790796969121783
Puducherry,Puducherry,8.299999999999997,13.780000000000001,12.1117,9.04989685031467,1.8219999999999998,0.013527172265085409
Karaikal,Puducherry,10.400000000000006,39.31,5.0011,2.709854291400258,0.0,0.029346023505660106
Kapurthala,Punjab,14.700000000000003,33.260000000000005,25.8725,16.6461467153164,0.8459,0.11660655480633526
Jalandhar,Punjab,11.900000000000006,32.68000000000001,20.9065,12.708218510532253,1.1167,0.14045485594888898
Hoshiarpur,Punjab,7.200000000000003,42.75,43.1507,20.274748652487087,0.8009000000000001,0.13253935960436947
Fatehgarh Sahib,Punjab,12.799999999999997,28.370000000000005,46.063,29.47037791165519,0.7021999999999999,0.024277551466768736
Ludhiana,Punjab,14.700000000000003,27.099999999999994,67.7806,38.19748731998435,0.6862,0.022491883417482438
Moga,Punjab,24.0,34.97,33.4872,16.104927946982055,2.0228,0.12525611838360842
Muktsar,Punjab,27.299999999999997,38.94,53.977,18.663441356358,0.7048000000000001,0.15840950983711394
Faridkot,Punjab,24.700000000000003,38.17,26.5535,9.592068647666586,0.5433,0.06382153249272551
Bathinda,Punjab,27.5,31.599999999999994,38.2249,20.5077231408554,0.451,0.05155399363027346
Mansa,Punjab,30.599999999999994,37.59,31.5794,11.808653258494358,0.6186,0.07694278941636236
Patiala,Punjab,21.400000000000006,36.79,43.782799999999995,24.579805434516526,1.8197999999999999,0.055527776083907555
Tarn Taran,Punjab,31.400000000000006,62.07,23.312600000000003,6.957189980689001,0.981,0.3478438629712515
Rupnagar,Punjab,11.099999999999994,75.11,20.4738,3.552942001130582,0.267,0.01890909090909091
Sangrur,Punjab,20.200000000000003,35.010000000000005,47.585100000000004,18.563346166206493,0.5804,0.09443376428980232
Barnala,Punjab,21.200000000000003,31.189999999999998,15.251800000000001,8.811756736784043,0.419,0.1373107058782193
Fazilka,Punjab,27.200000000000003,46.21,41.7875,16.98421444111132,0.524,0.0456153202176643
Firozpur,Punjab,24.299999999999997,54.88,54.4895,14.753692777224417,1.0695000000000001,0.09395721663761221
Gurdaspur,Punjab,15.599999999999994,66.09,48.279799999999994,9.482879715884494,1.2172,0.03429143169001273
Pathankot,Punjab,9.5,73.17,19.6159,3.6932018835291145,0.5152,0.028493410898729667
Ganganagar,Rajasthan,29.0,42.08,201.2048,96.8567567772513,2.0455,0.029414278335767183
Hanumangarh,Rajasthan,30.299999999999997,40.64,177.61180000000002,93.93861131543008,0.6064,0.022094237652474574
Bikaner,Rajasthan,35.7,48.92,271.8923,97.82912983981238,2.3959,0.10647214224598263
Churu,Rajasthan,34.0,43.22,263.8448,105.33601544865995,0.7525,0.08922578659671439
Jhunjhunun,Rajasthan,23.900000000000006,37.87,70.5994,29.747600280104898,-0.4375,0.017790749553837002
Alwar,Rajasthan,34.400000000000006,33.09,116.8626,56.93227009818274,6.888999999999999,0.010663109812892601
Bharatpur,Rajasthan,36.9,40.52,120.84450000000001,56.81321882820851,6.0583,0.013016475678501036
Dhaulpur,Rajasthan,40.1,50.19,103.8997,38.562927915748894,1.5331000000000001,0.04321046073281913
Karauli,Rajasthan,45.2,45.15,102.0572,43.58502816777274,8.7736,0.10957512329111989
Sawai Madhopur,Rajasthan,42.6,45.85,103.04459999999999,45.62984302351519,0.9233,0.06879531817595982
Dausa,Rajasthan,37.8,24.590000000000003,74.6717,44.765224399167344,3.8031,0.11256190289616715
Jaipur,Rajasthan,26.200000000000003,18.260000000000005,125.3375,75.17661504460972,-0.4075,0.04886639395410109
Sikar,Rajasthan,26.700000000000003,27.439999999999998,104.44139999999999,54.018880612230475,0.7434000000000001,0.029431973662984185
Nagaur,Rajasthan,32.2,34.64,417.783,206.35185388899066,6.9259,0.03426025891667396
Jodhpur,Rajasthan,31.799999999999997,34.91,299.5391,167.5478955707718,1.2727,0.060454898807680235
Jaisalmer,Rajasthan,36.5,43.61,208.69189999999998,88.31101776599898,0.9179,0.10474155240663187
Barmer,Rajasthan,32.400000000000006,46.74,578.7365,226.40240812199656,3.4465,0.040930035050109496
Jalor,Rajasthan,37.4,29.47,167.9526,103.12444728070984,1.3647,0.059211216686920524
Sirohi,Rajasthan,37.8,22.0,87.7967,60.53024384326939,0.4854,0.03016516899978025
Pali,Rajasthan,23.700000000000003,24.790000000000006,201.7733,130.01697891379308,9.741,0.016448732875438753
Ajmer,Rajasthan,29.799999999999997,46.74,306.9511,128.29276654507194,3.9377,0.040930035050109496
Tonk,Rajasthan,43.6,39.59,113.8488,56.232877920000476,7.1734,0.015982888773226858
Bundi,Rajasthan,42.1,41.85,122.0909,64.81335654777166,8.103200000000001,0.02192244645688335
Bhilwara,Rajasthan,41.9,30.739999999999995,455.1561,271.3802795134472,8.8221,0.0146389467293109
Rajsamand,Rajasthan,30.299999999999997,22.78,149.2072,102.69570443670345,3.8819,0.07463262401618684
Dungarpur,Rajasthan,31.799999999999997,39.49,350.76019999999994,177.27312567345692,2.1316,0.25783949180007854
Banswara,Rajasthan,45.2,45.94,341.4132,142.48397739745226,2.9818000000000002,0.2054970732628399
Chittaurgarh,Rajasthan,42.5,36.17,120.7032,62.29649642703531,6.8174,0.026156423141347765
Kota,Rajasthan,22.099999999999994,39.46,100.87540000000001,53.592468499393114,4.3897,0.009589756271810513
Baran,Rajasthan,40.3,45.24,128.3258,60.14383145002931,1.7701,0.025138354301909194
Jhalawar,Rajasthan,43.7,47.66,274.9903,119.17840918181541,3.8857,0.03707592145055003
Udaipur,Rajasthan,35.8,42.25,297.74580000000003,138.29888943560965,12.4305,0.05276860313961412
Pratapgarh,Rajasthan,44.6,44.34,137.3025,70.87643018092307,0.0698,0.05762618350919713
South District,Sikkim,9.5,23.86,0.6522,0.29512241188751076,0.6095,0.013470281192119885
Thiruvallur,Tamil Nadu,14.099999999999994,10.900000000000006,246.9355,188.09538685812674,-0.4598,0.02913080708628623
Kancheepuram,Tamil Nadu,15.5,17.33,521.7412,309.37235763310355,2.372,0.017373370154158074
Vellore,Tamil Nadu,15.299999999999997,11.049999999999997,268.3673,199.50114860776242,-0.38420000000000004,0.01537630880152297
Tiruvannamalai,Tamil Nadu,18.299999999999997,18.86,336.6447,228.65771667852215,0.7714,0.01118742977273551
Viluppuram,Tamil Nadu,22.200000000000003,23.200000000000003,219.1555,123.77930427187015,1.2915,0.020716852909589814
Salem,Tamil Nadu,16.799999999999997,11.719999999999999,194.2929,131.03875962515798,8.505,0.008786225646597347
Namakkal,Tamil Nadu,11.099999999999994,12.36,152.4981,99.12033182107668,0.0008,0.009555221196719206
Erode,Tamil Nadu,16.900000000000006,14.700000000000003,133.1258,85.11007689234702,9.8495,0.009174366263918503
The Nilgiris,Tamil Nadu,9.400000000000006,17.64,36.513000000000005,22.43468361724128,0.1026,0.023738701567867355
Dindigul,Tamil Nadu,19.0,16.159999999999997,301.7616,224.06008012889504,0.9621,0.013757768395085156
Karur,Tamil Nadu,19.5,14.620000000000005,187.3314,130.03916932318432,-1.1318000000000001,0.02307682213065274
Tiruchirappalli,Tamil Nadu,15.200000000000003,15.799999999999997,253.144,191.05870527990905,1.7521,0.006716539034718841
Perambalur,Tamil Nadu,17.0,16.42,50.868900000000004,31.33791443183161,0.0548,0.008080428450624825
Cuddalore,Tamil Nadu,19.5,27.14,175.1088,110.8234541705562,6.119400000000001,0.010180289363892791
Nagapattinam,Tamil Nadu,10.700000000000003,27.540000000000006,183.1697,118.2696538683776,-0.4214,0.01263476098407944
Thiruvarur,Tamil Nadu,8.799999999999997,27.97,130.83700000000002,80.81147267009756,0.3644,0.007691354612430068
Thanjavur,Tamil Nadu,13.599999999999994,20.709999999999994,232.6546,170.70618188440503,-0.7471,0.009610081938593371
Pudukkottai,Tamil Nadu,16.299999999999997,12.39,245.2575,171.98144272739256,0.6167,0.00889971707010374
Sivaganga,Tamil Nadu,12.0,12.530000000000001,165.99970000000002,121.03972330910561,0.1449,0.013508566064304154
Madurai,Tamil Nadu,12.700000000000003,13.760000000000005,166.8822,103.02907618421212,4.6962,0.01168270112652359
Theni,Tamil Nadu,13.099999999999994,14.5,54.0809,26.355720078933697,0.2879,0.01311360616212173
Virudhunagar,Tamil Nadu,14.700000000000003,15.299999999999997,143.61520000000002,99.6984693274781,0.289,0.008619345093950861
Ramanathapuram,Tamil Nadu,13.900000000000006,14.799999999999997,174.6175,119.35517993712429,-0.2791,0.018331965276223168
Thoothukkudi,Tamil Nadu,9.700000000000003,14.180000000000007,156.3906,106.13994918006043,0.41700000000000004,0.009710631396339523
Tirunelveli,Tamil Nadu,12.700000000000003,16.709999999999994,222.3625,142.3131105474409,-0.1378,0.006134838337757724
Kanniyakumari,Tamil Nadu,2.0,15.39,63.430699999999995,35.01919235262703,-0.0294,0.007548608463591308
Dharmapuri,Tamil Nadu,19.400000000000006,5.799999999999997,91.6207,61.05949435006378,6.2005,0.01581740708536132
Krishnagiri,Tamil Nadu,20.099999999999994,8.540000000000006,174.5735,135.63325618611464,-0.4842,0.02132367931290732
Coimbatore,Tamil Nadu,9.400000000000006,12.430000000000007,100.4785,64.18862256692282,4.4761,0.030320444211388305
Tiruppur,Tamil Nadu,12.5,15.599999999999994,168.58700000000002,123.45962329742144,0.4864,0.01625594712401356
Adilabad,Telangana,35.2,100.0,71.7498,,-71.7498,0.6321135723901603
Bhadradri Kothagudem,Telangana,31.299999999999997,42.69,68.8788,34.1308606262887,-68.8788,0.0
Jagitial,Telangana,37.6,28.489999999999995,84.75290000000001,50.745294899741005,-84.75290000000001,0.0
Jangoan,Telangana,34.5,39.97,57.97689999999999,28.173788378315137,-57.97689999999999,0.0
Jogulamba Gadwal,Telangana,55.0,47.59,32.368,12.8385219984947,-32.368,0.0
Kamareddy,Telangana,41.4,45.17,119.5108,52.72832261161447,-119.5108,0.0
Karimnagar,Telangana,29.700000000000003,31.930000000000007,47.117399999999996,22.191855861294997,-47.117399999999996,0.0
Khammam,Telangana,33.7,41.44,106.5996,50.870377316284824,-106.5996,0.0
Komaram Bheem Asifabad,Telangana,48.3,50.13,56.9099,25.04883440951595,-56.9099,0.0
Mahabubabad,Telangana,42.0,45.68,71.2029,31.76797211555172,-71.2029,0.0
Mahabubnagar,Telangana,40.4,40.99,91.9794,40.49373343677368,-91.9794,0.0
Mancherial,Telangana,30.5,44.97,53.576,24.865503908851657,-53.576,0.0
Medak,Telangana,42.3,44.98,88.6902,41.484328317457226,-88.6902,0.0
Nagarkurnool,Telangana,42.9,40.89,61.128299999999996,28.691014154168624,-61.128299999999996,0.0
Nalgonda,Telangana,37.4,41.39,121.1856,55.48833808446176,-121.1856,0.0
Nirmal,Telangana,41.4,42.45,97.32959999999999,51.28211935426877,-97.32959999999999,0.0
Nizamabad,Telangana,36.9,35.730000000000004,142.9554,63.44973473616432,-142.9554,0.0
Peddapalli,Telangana,26.299999999999997,38.76,57.306099999999994,29.98034422695254,-57.306099999999994,0.0
Ranga Reddy,Telangana,27.900000000000006,40.59,80.4434,42.362800408744036,-80.4434,0.0
Sangareddy,Telangana,36.4,43.76,71.6434,32.582426597078964,-71.6434,0.0
Siddipet,Telangana,29.0,40.49,109.3232,54.23217840906987,-109.3232,0.0
Suryapet,Telangana,36.5,42.4,63.9981,29.94214096666438,-63.9981,0.0
Vikarabad,Telangana,40.7,47.46,98.7526,40.851119674278486,-98.7526,0.0
Wanaparthy,Telangana,47.9,40.14,48.3516,22.533455426310212,-48.3516,0.0
Warangal Rural,Telangana,39.9,37.55,22.7502,11.082792468342436,-22.7502,0.0
Warangal Urban,Telangana,23.099999999999994,37.55,22.7502,11.082792468342436,-22.7502,0.0
Dhalai,Tripura,28.400000000000006,47.59,176.2579,65.40748853419072,-0.2944,0.02642586993508675
Gomati,Tripura,22.799999999999997,49.48,130.3373,49.2384303714153,-1.1183,0.0651122279634185
Khowai,Tripura,19.5,54.07,90.76100000000001,29.155274835296588,1.2686,0.14936171634808182
North Tripura,Tripura,16.900000000000006,55.53,86.40719999999999,27.28730685282363,0.0725,0.06858098209207329
Sepahijala,Tripura,20.400000000000006,51.44,109.95819999999999,38.589244063753775,-1.8661,0.25639996964012707
South Tripura,Tripura,19.700000000000003,53.36,116.868,41.236349224469286,0.0202,0.09311035426967945
Unakoti,Tripura,23.599999999999994,54.9,53.6359,18.002113154135515,0.4949,0.028888423696880886
West Tripura,Tripura,13.799999999999997,49.0,92.9339,31.33651662625053,-0.6162,0.21720005732617492
Saharanpur,Uttar Pradesh,26.200000000000003,61.46,26.5324,7.128859597484408,0.19190000000000002,0.12595511621693828
Bijnor,Uttar Pradesh,25.900000000000006,70.78,54.564499999999995,11.973811673947601,0.22899999999999998,0.06949975716367168
Rampur,Uttar Pradesh,40.7,81.42,65.893,8.143136932461571,0.6758,0.023245350929814036
Meerut,Uttar Pradesh,19.799999999999997,66.91,11.235199999999999,3.6225993364112146,0.06559999999999999,0.1316270566727605
Baghpat,Uttar Pradesh,21.900000000000006,67.49000000000001,1.8351,0.4265849542831546,0.0131,0.2976199827193465
Gautam Buddha Nagar,Uttar Pradesh,19.400000000000006,78.5,0.2444,0.047809355285428526,0.0,0.5585384041759881
Bulandshahr,Uttar Pradesh,27.900000000000006,74.08,5.6246,1.2707911071791853,0.0452,0.1218838143536853
Aligarh,Uttar Pradesh,31.299999999999997,76.14,53.8559,10.63792531305846,0.09630000000000001,0.07015237817048829
Mahamaya Nagar,Uttar Pradesh,31.299999999999997,50.07,78.1482,28.143929060851782,0.20379999999999998,0.19808946344811806
Mathura,Uttar Pradesh,32.099999999999994,63.91,40.1937,9.176593937943428,0.3944,0.1882716473254137
Agra,Uttar Pradesh,35.0,28.129999999999995,53.4662,31.36742029359523,0.2314,0.13591752436547358
Firozabad,Uttar Pradesh,25.599999999999994,66.93,48.6922,13.46819900741797,0.07629999999999999,0.19036510797723818
Mainpuri,Uttar Pradesh,21.599999999999994,72.24,52.19,11.956801888117825,0.4155,0.11951948627103631
Bareilly,Uttar Pradesh,45.3,81.28999999999999,65.9621,8.78792255214074,0.2645,0.05029922639030798
Pilibhit,Uttar Pradesh,40.7,79.43,86.27959999999999,11.500002349469417,1.1932,0.08199738748367177
Shahjahanpur,Uttar Pradesh,40.5,81.26,84.65440000000001,11.329114157057493,0.3072,0.0387347863005944
Kheri,Uttar Pradesh,38.0,73.55,142.2536,28.8938139271513,0.0009,0.025233232290532388
Sitapur,Uttar Pradesh,40.8,69.64,235.0742,48.01193123181507,0.4985,0.03468278615794144
Hardoi,Uttar Pradesh,40.7,77.42,178.24020000000002,31.60013386033583,0.5661999999999999,0.0373619187079714
Unnao,Uttar Pradesh,31.799999999999997,71.7,95.7444,20.156842878876475,0.5523,0.03772923723864034
Lucknow,Uttar Pradesh,20.200000000000003,73.45,38.7601,7.324662899841559,0.1506,0.12324639233937121
Farrukhabad,Uttar Pradesh,34.900000000000006,76.21000000000001,35.9441,6.914367475084305,0.2669,0.03555501623031884
Kannauj,Uttar Pradesh,31.700000000000003,79.53999999999999,38.588499999999996,7.219737615830164,0.47009999999999996,0.07861823943154812
Etawah,Uttar Pradesh,20.299999999999997,75.88,42.248000000000005,7.823093531874946,0.33490000000000003,0.09726187690147438
Auraiya,Uttar Pradesh,20.700000000000003,71.77,30.996399999999998,6.955754647118024,0.12210000000000001,0.050019083160171326
Kanpur Dehat,Uttar Pradesh,24.400000000000006,73.14,47.0793,9.162332196165702,0.2862,0.04914179783835675
Kanpur Nagar,Uttar Pradesh,17.299999999999997,75.97,28.6813,4.836248521530195,0.12539999999999998,0.06509818624923841
Jalaun,Uttar Pradesh,29.0,62.41,102.08,26.572416517531924,0.3321,0.09947688414295414
Jhansi,Uttar Pradesh,27.5,60.77,98.24700000000001,24.17104706181284,1.0478,0.30658529797098694
Lalitpur,Uttar Pradesh,38.7,59.96,107.1819,27.459655275665,0.060599999999999994,0.14267199398759173
Hamirpur,Uttar Pradesh,26.799999999999997,58.92,82.9611,21.99314079077702,0.5188,0.10538674033149172
Mahoba,Uttar Pradesh,30.299999999999997,59.21,28.834600000000002,8.401227421414259,0.1192,0.1523666098627459
Banda,Uttar Pradesh,37.4,56.27,98.18459999999999,29.646706350387944,0.36840000000000006,0.10687251393526587
Chitrakoot,Uttar Pradesh,37.9,55.67,71.9799,23.159571486920083,0.7937000000000001,0.07040790344757346
Fatehpur,Uttar Pradesh,33.5,61.48,111.5712,31.53569360921806,0.3557,0.03139426824150129
Pratapgarh,Uttar Pradesh,22.299999999999997,44.34,127.64299999999999,60.053346490603154,-0.3299,0.05762618350919713
Kaushambi,Uttar Pradesh,38.0,56.66,48.0093,14.387177970524583,0.22210000000000002,0.14302360981345202
Bara Banki,Uttar Pradesh,38.9,70.3,142.6539,26.35715166801286,0.8237000000000001,0.038863390301089984
Faizabad,Uttar Pradesh,22.299999999999997,66.93,48.6922,13.46819900741797,0.07629999999999999,0.19036510797723818
Ambedkar Nagar,Uttar Pradesh,21.5,59.65,78.1482,22.271742751428455,0.20379999999999998,0.09940091439381996
Bahraich,Uttar Pradesh,58.4,64.47999999999999,169.18490000000003,41.51176380866047,2.3922,0.05841844668341783
Shrawasti,Uttar Pradesh,59.2,66.03999999999999,52.0661,12.96385526903746,0.2482,0.08170145726664041
Balrampur,Uttar Pradesh,55.1,67.45,84.8022,22.652539455667508,1.6128,0.07630068680026343
Gonda,Uttar Pradesh,39.6,62.68,178.8745,42.183378714807866,2.2136,0.02373650720741411
Siddharthnagar,Uttar Pradesh,50.9,50.91,215.25959999999998,76.61110117434767,1.1056,0.0710463536295516
Basti,Uttar Pradesh,34.7,55.44,190.0722,64.83845455875343,1.814,0.08003627756763333
Sant Kabir Nagar,Uttar Pradesh,37.3,58.53,118.9271,39.77279687626592,0.6437999999999999,0.1052468986237643
Mahrajganj,Uttar Pradesh,35.900000000000006,59.94,159.5645,49.16738225566107,0.9418000000000001,0.10031325965466256
Gorakhpur,Uttar Pradesh,29.900000000000006,59.99,100.6146,30.677082516144374,0.0765,0.0856754946951965
Kushinagar,Uttar Pradesh,35.599999999999994,64.3,137.8183,35.798382753561356,1.8884,0.14700987760360748
Deoria,Uttar Pradesh,26.299999999999997,64.42,90.1919,22.86029881445986,1.7088999999999999,0.04363535010477852
Azamgarh,Uttar Pradesh,21.099999999999994,59.56,159.9881,49.844532253267545,0.36369999999999997,0.025150228423028075
Mau,Uttar Pradesh,25.599999999999994,56.1,120.56540000000001,36.59498611267117,0.1191,0.029417782884485228
Ballia,Uttar Pradesh,26.700000000000003,61.79,79.59899999999999,24.91303430232801,0.5549000000000001,0.030721535453617804
Jaunpur,Uttar Pradesh,22.700000000000003,56.35,189.857,53.51171983788162,0.9261,0.04460100058271081
Ghazipur,Uttar Pradesh,24.200000000000003,63.48,98.17739999999999,29.546882523356185,2.0331,0.1037798209242233
Chandauli,Uttar Pradesh,26.099999999999994,64.16,74.7446,18.460150997858538,0.6788,0.1295230188951652
Varanasi,Uttar Pradesh,19.400000000000006,50.96,31.496199999999998,12.077014446265261,0.5670000000000001,0.07890615731403489
Sant Ravidas Nagar (Bhadohi),Uttar Pradesh,27.400000000000006,56.16,32.0308,10.904345153543398,0.4988,0.1270382842963488
Mirzapur,Uttar Pradesh,26.599999999999994,55.42,89.2101,28.55832304430925,0.3071,0.22227816299368422
Sonbhadra,Uttar Pradesh,35.2,52.14,101.9039,34.03658263371718,-0.429,0.1145142110184185
Etah,Uttar Pradesh,29.200000000000003,73.36,51.7246,9.96214217011345,0.2191,0.07661786838144753
Kanshiram Nagar,Uttar Pradesh,39.4,64.3,137.8183,35.798382753561356,1.8884,0.14700987760360748
Amethi,Uttar Pradesh,32.7,65.08,86.54809999999999,20.291181460406012,0.07980000000000001,0.16461497670542782
Budaun,Uttar Pradesh,47.6,79.59,88.2659,14.06025784664417,1.1981,0.04033041788143829
Ghaziabad,Uttar Pradesh,18.200000000000003,100.0,0.0,,0.0,0.6321135723901603
Hapur,Uttar Pradesh,24.700000000000003,66.3,2.8666,0.914378826400152,0.0126,0.23911787365177195
Moradabad,Uttar Pradesh,30.599999999999994,70.98,52.625699999999995,11.43425362330894,4.3839,0.04263837796218667
Muzaffarnagar,Uttar Pradesh,26.599999999999994,70.94,14.649700000000001,3.4242805706836448,0.0412,0.14072180701803128
Rae Bareli,Uttar Pradesh,33.5,61.77,112.6121,29.09031088197889,0.35109999999999997,0.048662492885600456
Sambhal,Uttar Pradesh,47.4,75.35,59.119499999999995,11.053401586675626,-2.9613,0.18635602010691774
Shamli,Uttar Pradesh,34.2,72.01,8.4015,1.7798553801586565,-0.0946,0.10754474737557586
Sultanpur,Uttar Pradesh,25.099999999999994,61.05,101.713,30.166446446441768,0.2559,0.045497675679554754
Uttarkashi,Uttarakhand,18.799999999999997,46.76,73.079,24.92838132546452,0.4654,0.0384007541519949
Chamoli,Uttarakhand,9.5,37.53,62.6911,28.593993697276968,0.8022,0.09949396652393927
Rudraprayag,Uttarakhand,12.799999999999997,38.19,33.7486,14.574735196265578,0.1017,0.06709653107794084
Tehri Garhwal,Uttarakhand,24.5,26.939999999999998,79.29260000000001,37.74515006055642,0.5928,0.075713524080327
Dehradun,Uttarakhand,12.400000000000006,66.15,27.5752,5.899743535175942,0.1267,0.07190999449267
Garhwal,Uttarakhand,14.200000000000003,55.81,148.8455,37.171512994098535,3.0202,0.11202604274197808
Pithoragarh,Uttarakhand,10.900000000000006,49.65,49.9262,17.16717154058519,-0.9726,0.08649218170062978
Bageshwar,Uttarakhand,12.200000000000003,45.98,21.5969,8.047270087923119,0.1041,0.03625222696107542
Champawat,Uttarakhand,15.299999999999997,53.65,16.8539,5.928863690717041,-0.1907,0.060374715461390296
Nainital,Uttarakhand,14.599999999999994,56.1,26.4041,6.774461652019284,-0.44229999999999997,0.04734613082907518
Udham Singh Nagar,Uttarakhand,27.700000000000003,50.09,35.9667,10.490191582564956,0.091,0.22792756427209332
Hardwar,Uttarakhand,23.599999999999994,62.42,38.770700000000005,8.396740808017366,0.2639,0.10506713524457093
Jalpaiguri,West Bengal,26.400000000000006,52.58,327.33299999999997,117.55645264422363,19.1895,0.038459340067120124
Uttar Dinajpur,West Bengal,34.599999999999994,51.66,211.99,72.42377801976488,9.1073,0.1424750790177486
Dakshin Dinajpur,West Bengal,25.700000000000003,53.0,96.3697,35.419132155831576,7.705299999999999,0.15063864143549177
Maldah,West Bengal,27.700000000000003,46.61,520.7309,173.15722146140996,23.8488,0.12345506882146658
Murshidabad,West Bengal,32.400000000000006,64.57,441.555,98.13649424864732,32.5184,0.13383597409122833
Birbhum,West Bengal,29.200000000000003,58.58,356.62589999999994,116.40069254079931,31.8001,0.2872793936233007
Nadia,West Bengal,23.799999999999997,56.05,170.857,51.78807288517035,10.3662,0.06863659944887247
Bankura,West Bengal,31.700000000000003,54.7,292.876,108.71553421652723,18.9969,0.09061622173767851
Puruliya,West Bengal,39.0,53.09,230.21810000000002,95.58041656203774,10.908499999999998,0.08455176976513397
Haora,West Bengal,19.5,58.1,171.3914,38.42432426242184,9.7946,0.7566711895070104
Kolkata,West Bengal,12.400000000000006,39.46,100.87540000000001,53.592468499393114,4.3897,0.009589756271810513
Paschim Medinipur,West Bengal,29.099999999999994,56.77,485.6458,167.89731334113077,19.5564,0.08768045345850678
Purba Medinipur,West Bengal,23.0,48.43,663.1957000000001,157.9390295729014,30.0721,0.056953254162929665
Paschim Barddhaman,West Bengal,26.5,50.95,61.106300000000005,23.737474083314236,1.4609999999999999,0.23336615019929077
