S_No,District,HH_Issued_Jobcards_SCs,HH_Issued_Jobcards_STs,HH_Issued_Jobcards_Others,HH_Issued_Jobcards_Total,HH_Provided_Employment_SCs,HH_Provided_Employment_STs,HH_Provided_Employment_Others,HH_Provided_Employment_Total,Employment_Provided_No_of_Women,Workers_Provided_Employment_SCs,Workers_Provided_Employment_STs,Workers_Provided_Employment_Others,Workers_Provided_Employment_Total,Persondays_Generated_SCs,Persondays_Generated_STs,Persondays_Generated_Others,Persondays_Generated_Total,Persondays_Generated_Women,Families_Completed_100_Days_SCs,Families_Completed_100_Days_STs,Families_Completed_100_Days_Others,Families_Completed_100_Days_Total
1,CHANGLANG,2,11475,2911,14388,2,9240,2509,11751,3663,2,9961,2518,12481,66,488532,135955,624553,180907,0,0,0,0
2,EAST KAMENG,7,19506,443,19956,7,16501,395,16903,6742,7,17124,404,17535,338,833570,20463,854371,322257,0,0,0,0
3,EAST SIANG,1,7574,27,7602,1,3638,27,3666,1346,1,3640,27,3668,14,53144,378,53536,20427,0,0,0,0
4,KAMLE,2,7594,80,7676,0,3719,70,3789,1750,0,3719,70,3789,0,130567,5144,135711,62703,0,0,0,0
5,KRA-DAADI,0,14850,9,14859,0,11727,4,11731,6424,0,12815,4,12819,0,768966,140,769106,391880,0,123,0,123
6,KURUNG KUMEY,0,16746,197,16943,0,13402,167,13569,6453,0,14242,169,14411,0,475107,8601,483708,222247,0,0,0,0
7,LEPARADA,0,3049,35,3084,0,143,0,143,46,0,143,0,143,0,5070,0,5070,1560,0,0,0,0
8,LOHIT,0,4667,500,5167,0,4464,462,4926,2414,0,4488,463,4951,0,336439,34142,370581,180723,0,0,0,0
9,LONGDING,0,9233,0,9233,0,5831,0,5831,1286,0,6334,0,6334,0,134594,0,134594,24524,0,0,0,0
10,LOWER DIBANG VALLEY,8,7169,577,7754,7,5652,422,6081,2562,7,5681,427,6115,152,125566,10130,135848,57638,0,0,0,0
11,LOWER SIANG,0,4424,24,4448,0,2463,17,2480,1061,0,2479,17,2496,0,174372,1538,175910,72615,0,0,0,0
12,LOWER SUBANSIRI,0,14629,5,14634,0,1865,1,1866,1061,0,2124,1,2125,0,67080,27,67107,34184,0,6,0,6
13,NAMSAI,0,4882,10295,15177,0,4599,9950,14549,3430,0,4647,9991,14638,0,228409,502933,731342,171721,0,4,0,4
14,PAKKE KESSANG,3,4419,72,4494,3,4042,70,4115,1954,3,4042,70,4115,128,198711,2741,201580,96252,0,115,0,115
15,PAPUM PARE,5,19005,489,19499,5,17896,471,18372,8888,5,18078,472,18555,259,1060424,28248,1088931,516817,0,0,0,0
16,SHI YOMI,0,3039,0,3039,0,46,0,46,44,0,91,0,91,0,2033,0,2033,990,0,0,0,0
17,SIANG,0,5724,236,5960,0,1920,1,1921,558,0,1990,1,1991,0,101006,42,101048,28352,0,1,0,1
18,TAWANG,3,8286,110,8399,2,7895,105,8002,4445,2,7958,105,8065,58,221883,4016,225957,123048,0,0,0,0
19,TIRAP,0,9731,1,9732,0,8900,0,8900,2986,0,9924,0,9924,0,563329,0,563329,164186,0,163,0,163
20,UPPER DIBANG VALLEY,11,2927,61,2999,4,1481,21,1506,803,4,1482,21,1507,149,57549,824,58522,31126,0,0,0,0
21,UPPER SIANG,1,5393,27,5421,0,4891,19,4910,1414,0,4906,19,4925,0,170517,520,171037,49392,0,0,0,0
22,UPPER SUBANSIRI,0,18912,44,18956,0,17346,34,17380,7642,0,17379,34,17413,0,906481,2045,908526,391386,0,0,0,0
23,WEST KAMENG,0,9383,97,9480,0,6668,51,6719,2691,0,6866,51,6917,0,322845,2639,325484,127213,0,0,0,0
24,WEST SIANG,2,5899,44,5945,0,300,0,300,108,0,302,0,302,0,5226,0,5226,1788,0,0,0,0
25,CHATRA,69640,8419,127966,206025,19660,2015,43779,65454,35814,24043,2535,53467,80045,826131,88800,1918009,2832940,1252770,464,49,1227,1740
26,DEOGHAR,23954,29531,182478,235963,6686,7850,62277,76813,32623,8591,9122,73015,90728,300928,367654,2879984,3548566,1243163,38,90,496,624
27,DHANBAD,28161,34829,156460,219450,5178,8407,42598,56183,26948,6514,10183,51980,68677,245128,397823,2149312,2792263,1102914,215,269,1021,1505
28,DUMKA,12487,90193,134929,237609,3845,24804,56211,84860,40844,4750,30460,67228,102438,199086,1179995,2934162,4313243,1722006,147,929,2260,3336
29,EAST SINGHBUM,10642,116117,97595,224354,2091,25150,18958,46199,28727,2854,33783,25697,62334,88027,1095903,759234,1943164,853255,32,445,350,827
30,GARHWA,45883,31355,171064,248302,17785,11550,77557,106892,64959,25960,16074,104975,147009,796592,521629,3785088,5103309,2185377,238,159,1204,1601
31,GIRIDIH,30400,34528,264009,328937,9038,13012,104139,126189,70547,11460,15922,122849,150231,415417,625822,5125481,6166720,2919721,103,258,969,1330
32,GODDA,12465,48521,156724,217710,2190,11851,35946,49987,24144,2837,15022,45300,63159,105423,599822,1839722,2544967,933890,40,473,702,1215
33,GUMLA,8874,136267,57999,203140,1792,29064,14620,45476,23945,2360,38669,19253,60282,87218,1362638,742177,2192033,823627,78,1072,625,1775
34,HAZARIBAGH,43944,17040,160107,221091,9528,4183,47779,61490,33045,11683,5127,57462,74272,413548,182526,2216345,2812419,1262276,275,93,1328,1696
35,JAMTARA,12478,44720,83081,140279,4640,13874,39079,57593,26400,6165,17698,49862,73725,279893,776209,2344240,3400342,1159737,344,849,1913,3106
36,KHUNTI,4993,78891,23094,106978,1388,21331,6975,29694,14464,1835,27363,9182,38380,65202,956389,317879,1339470,474515,23,314,117,454
37,KODERMA,10202,1183,71934,83319,2813,403,28697,31913,19079,3457,463,33930,37850,128663,19165,1342984,1490812,758496,38,7,334,379
38,LATEHAR,24672,49890,78946,153508,10113,19005,35151,64269,34904,12762,24182,43151,80095,473415,834371,1654877,2962663,1275543,140,266,590,996
39,LOHARDAGA,3239,47108,25318,75665,1005,13156,6669,20830,14604,1456,19108,10090,30654,38760,516404,275242,830406,383261,24,508,198,730
40,PAKUR,5419,83750,86045,175214,786,14270,17068,32124,15556,1063,18266,22031,41360,34098,626942,752278,1413318,513114,2,52,83,137
41,PALAMU,90304,29217,180530,300051,34001,9209,59537,102747,55948,46437,12601,78986,138024,1327711,350207,2323159,4001077,1586661,480,88,1071,1639
42,RAMGARH,7065,21084,49966,78115,2164,7089,18968,28221,16912,3068,9943,26348,39359,119098,355555,995578,1470231,599087,97,362,722,1181
43,RANCHI,19719,158324,153673,331716,4139,31592,37028,72759,42046,5342,41678,49379,96399,171274,1331658,1655241,3158173,1327408,139,963,1319,2421
44,SAHEBGANJ,9224,60913,111507,181644,1663,12038,27775,41476,18408,1966,13363,31629,46958,62747,467700,1141010,1671457,658861,8,108,198,314
45,SARAIKELA KHARSAWAN,9296,72255,85712,167263,2505,20656,25791,48952,32718,3652,29057,36090,68799,128941,946363,1315856,2391160,1109453,116,761,888,1765
46,SIMDEGA,11744,81289,31679,124712,3306,24433,11431,39170,21122,4394,32005,14601,51000,151600,1152529,546946,1851075,729428,141,1040,484,1665
47,WEST SINGHBHUM,9414,225663,75750,310827,1098,26694,10323,38115,20803,1320,32544,12557,46421,41425,960334,416861,1418620,631303,22,185,89,296
48,BALLARI,62805,64434,149490,276729,30007,33645,72780,136432,143283,63079,72102,153168,288349,1666827,1911846,4075273,7653946,3852737,2893,2544,6643,12080
49,BELAGAVI,70188,45563,499382,615133,18633,14212,158473,191318,150882,30342,21995,247032,299369,761797,647787,6858699,8268283,4289826,1365,1301,12450,15116
50,BENGALURU,14400,1434,29951,45785,522,72,1379,1973,2009,1035,150,2821,4006,21870,2788,59108,83766,42357,4,0,13,17
51,BENGALURU RURAL,17953,4543,61271,83767,4330,1276,18420,24026,21983,8183,2549,35611,46343,190613,56674,925049,1172336,552974,220,66,1390,1676
52,BENGALURU SOUTH,28381,3549,137325,169255,12466,1535,74121,88122,82783,22780,2766,142912,168458,828323,105351,5302501,6236175,3024405,2251,304,14646,17201
53,BIDAR,42393,24436,101003,167832,17382,10145,40674,68201,60813,28918,17192,68959,115069,703230,455618,1886753,3045601,1611969,64,56,212,332
54,CHAMARAJA NAGARA,44821,18422,108658,171901,14050,5307,35818,55175,50467,26064,9707,65298,101069,657657,243552,1767209,2668418,1337773,313,126,862,1301
55,CHIKKABALLAPURA,45413,26322,114760,186495,14297,9197,42902,66396,62058,26389,17395,82783,126567,740089,496010,2399275,3635374,1776636,1178,1001,3904,6083
56,CHIKKAMAGALURU,32674,6539,107348,146561,8348,1669,40727,50744,46642,16060,3167,80368,99595,376647,73973,2126755,2577375,1193764,308,72,2127,2507
57,CHITRADURGA,62382,56566,166458,285406,24333,24746,66822,115901,106032,43398,43570,122369,209337,1222362,1406054,3594658,6223074,3213833,1425,3468,4878,9771
58,DAKSHINA KANNADA,17884,12210,99019,129113,1960,1790,22369,26119,21692,3406,3175,39926,46507,80415,80072,1130585,1291072,576472,93,89,1968,2150
59,DAVANAGERE,54637,36214,157469,248320,14615,11184,42710,68509,63381,27244,22914,84005,134163,683357,540722,2178204,3402283,1594282,751,480,2676,3907
60,DHARWAR,11181,7654,119896,138731,3419,2407,35342,41168,33535,6548,4530,66926,78004,157003,104359,1579553,1840915,771117,359,227,3327,3913
61,GADAG,24984,11075,108544,144603,12031,6309,57474,75814,69406,23497,12463,114194,150154,512426,265101,2412611,3190138,1453108,408,189,2211,2808
62,HASSAN,42918,4363,202076,249357,12828,1454,73797,88079,83658,24489,2854,145851,173194,613538,74661,3893020,4581219,2192927,879,83,4717,5679
63,HAVERI,31935,23291,158512,213738,9691,7967,50959,68617,59133,18418,15431,98441,132290,413869,367427,2394980,3176276,1408626,566,643,4248,5457
64,KALABURAGI,66714,3753,215595,286062,24612,1520,81204,107336,93013,41956,2684,134928,179568,1009823,69153,3404840,4483816,2348337,1190,92,4599,5881
65,KODAGU,7959,5045,53778,66782,951,557,9251,10759,9088,1637,938,16402,18977,39927,23351,444903,508181,237996,54,32,751,837
66,KOLAR,58086,12791,142485,213362,19582,4885,54157,78624,67145,33373,8728,93605,135706,1028315,267623,3151400,4447338,2206782,2293,671,8321,11285
67,KOPPAL,41401,32100,170583,244084,15900,14445,69111,99456,98436,30951,29742,137038,197731,750398,730992,3525244,5006634,2505279,714,709,3170,4593
68,MANDYA,35007,2474,243256,280737,6892,506,59498,66896,55878,11097,868,102082,114047,256893,19963,2571709,2848565,1378268,259,20,2573,2852
69,MYSURU,50451,32200,184855,267506,9195,5559,39199,53953,51461,17743,10887,76632,105262,338539,215224,1691394,2245157,1083686,283,195,1858,2336
70,RAICHUR,46746,57874,170030,274650,29627,38171,114077,181875,188909,59832,77500,231272,368604,1775529,2330399,6998890,11104818,5754830,3983,5495,16387,25865
71,SHIVAMOGGA,42935,9882,162605,215422,17710,4271,66284,88265,76086,31063,7410,114236,152709,602202,152806,2471061,3226069,1640783,643,164,3131,3938
72,TUMAKURU,61768,28402,298117,388287,13834,7054,83844,104732,96663,26000,13478,157100,196578,655723,344198,4408066,5407987,2637156,838,514,7949,9301
73,UDUPI,4729,4390,61061,70180,591,494,10038,11123,12431,1011,954,18143,20108,23816,18129,383969,425914,271572,23,5,360,388
74,UTTARA KANNADA,11793,5145,146035,162973,2532,1527,34327,38386,31381,4068,2562,57933,64563,91599,60852,1291380,1443831,697472,107,100,1871,2078
75,VIJAYPURA,49569,3359,193014,245942,17099,1034,71137,89270,69315,30275,1953,126335,158563,896336,57365,3971354,4925055,2061604,2119,160,10838,13117
76,Yadgir,35371,17470,129285,182126,11951,6264,44564,62779,44934,18058,9559,64648,92265,551227,295205,2021513,2867945,1395249,1056,538,3662,5256
77,ERNAKULAM,35972,2398,201171,239541,14288,1412,64102,79802,76244,15817,1933,71880,89630,873363,99307,3630559,4603229,4186243,3119,323,12795,16237
78,IDUKKI,22483,16180,159673,198336,12736,11232,84799,108767,101819,16079,16754,119274,152107,583239,925545,4478047,5986831,4390680,1000,3811,11001,15812
79,KANNUR,7720,9703,205846,223269,2980,5522,71505,80007,78396,3275,7028,77353,87656,157850,384458,3757203,4299511,4098202,472,1358,12890,14720
80,KASARGOD,6366,17217,134636,158219,2851,9633,54358,66842,63576,3240,12153,61845,77238,166865,693574,3010678,3871117,3540412,489,2668,10160,13317
81,KOLLAM,34817,1675,329161,365653,16886,1207,125717,143810,135041,19586,1535,142807,163928,967155,90310,6466969,7524434,6641594,3517,279,24129,27925
82,KOTTAYAM,18139,4562,173088,195789,7751,1785,52136,61672,60662,8796,2279,58796,69871,459239,133017,3251346,3843602,3585113,1461,573,12690,14724
83,KOZHIKODE,26499,3579,279095,309173,14244,1960,125355,141559,133704,16031,2469,138614,157114,986048,180919,7243608,8410575,7807228,3958,857,26633,31448
84,MALAPPURAM,46776,3657,280703,331136,23098,2132,61914,87144,78116,25160,2860,68500,96520,1624978,154002,3113980,4892960,4415840,7410,566,12745,20721
85,PALAKKAD,78209,16402,264594,359205,41942,9964,102989,154895,151872,46321,13508,116531,176360,1961149,890401,4342475,7194025,6433955,3213,3983,5740,12936
86,PATHANAMTHITTA,24050,1588,119298,144936,12605,819,38536,51960,51624,14693,1009,43816,59518,769131,57018,2321723,3147872,2884013,2526,196,7232,9954
87,THIRUVANANTHAPURAM,38688,6106,357813,402607,20590,4486,148636,173712,168407,23205,5806,168625,197636,1109266,394674,8428513,9932453,8872427,2170,1727,19286,23183
88,THRISSUR,64232,1672,221275,287179,23976,939,61096,86011,82164,26312,1300,67085,94697,1643743,75774,3563409,5282926,4916114,7290,305,15099,22694
89,WAYANAD,4817,40010,101771,146598,2477,19945,37878,60300,55587,2918,24180,44753,71851,161665,1399198,2121895,3682758,3205099,575,4848,7863,13286
90,LEH (LADAKH),0,16808,1,16809,0,12926,0,12926,10766,0,18804,0,18804,0,814176,0,814176,476637,0,592,0,592
91,ALIRAJPUR,20600,97598,6674,124872,11291,52617,3691,67599,57638,24866,104580,7317,136763,609220,2832898,193692,3635810,1405348,298,1511,98,1907
92,ANUPPUR,13541,75465,47530,136536,7812,47789,25832,81433,67726,13399,82991,43882,140272,397516,2444846,1333493,4175855,1983928,233,1671,805,2709
93,ASHOK NAGAR,16324,8347,60177,84848,7795,2848,26213,36856,23285,13827,4497,46458,64782,456924,133194,1493826,2083944,645683,119,35,280,434
94,BALAGHAT,16260,64622,222346,303228,9790,46640,133112,189542,169342,16744,84171,224641,325556,466099,2448353,5809528,8723980,4733343,228,2264,2130,4622
95,BARWANI,18879,112402,23342,154623,8959,61951,11280,82190,74912,20677,125206,22701,168584,469357,3250169,579246,4298772,1796806,282,1684,262,2228
96,BETUL,28158,105032,69767,202957,15515,59389,38095,112999,82684,25807,96161,61610,183578,714776,2511279,1727968,4954023,2228212,281,1268,812,2361
97,BHIND,24032,495,96094,120621,8256,68,44152,52476,27452,13201,111,67415,80727,455575,3658,2594789,3054022,973731,201,2,858,1061
98,BHOPAL,7193,3432,35384,46009,3091,833,16631,20555,9606,4429,1133,23142,28704,165428,41348,935648,1142424,334404,16,7,127,150
99,BURHANPUR,15060,27705,34676,77441,5506,10866,11158,27530,21636,10763,20030,20095,50888,275649,547236,549719,1372604,546378,187,341,284,812
100,CHHATARPUR,36253,16058,122413,174724,13951,5947,58083,77981,48681,23945,10433,98781,133159,764793,312800,3338180,4415773,1399241,328,139,1373,1840
101,CHHINDWARA,40896,115721,82459,239076,24412,77869,40119,142400,107918,39916,129953,64510,234379,1333145,4183298,2056797,7573240,3484142,838,2792,1369,4999
102,DAMOH,32617,31954,109869,174440,13589,14778,43305,71672,42142,21768,22792,68728,113288,714442,838046,2300293,3852781,1269470,318,491,992,1801
103,DATIA,13960,1735,26654,42349,5646,536,12792,18974,8384,8277,765,18073,27115,354666,31650,826245,1212561,315229,131,7,350,488
104,DEWAS,31250,33783,77472,142505,12257,15009,34072,61338,30864,19845,24066,54533,98444,705197,881384,2064441,3651022,951442,223,287,786,1296
105,DHAR,36924,228926,76551,342401,11792,93107,24686,129585,133122,27906,213873,60143,301922,614591,4904749,1307676,6827016,2899241,270,1705,479,2454
106,DINDORI,6540,93004,85666,185210,5336,77318,68268,150922,124945,9615,132217,120474,262306,296564,4504790,3888051,8689405,3899733,323,6242,4629,11194
107,GUNA,21483,27737,107788,157008,7082,7574,36176,50832,29315,11505,12790,58522,82817,390329,400368,2024602,2815299,862698,41,154,390,585
108,GWALIOR,16221,7109,53235,76565,6657,2342,24288,33287,14434,9888,3460,32949,46297,417924,150880,1593739,2162543,550733,256,115,1208,1579
109,HARDA,10047,18446,13198,41691,4500,8979,5882,19361,14936,7993,16941,10716,35650,216913,438140,325216,980269,379557,175,362,239,776
110,INDORE,11697,13590,35044,60331,3802,4648,13233,21683,10654,5715,7520,19312,32547,222882,262194,792028,1277104,357281,63,74,219,356
111,JABALPUR,29343,40306,64864,134513,12718,19820,24356,56894,37565,20519,31353,38600,90472,560928,782075,1145594,2488597,945482,175,233,292,700
112,JHABUA,9790,185465,12884,208139,5226,90592,5761,101579,94343,10997,182349,11786,205132,269630,4583433,293881,5146944,2280846,103,2065,135,2303
113,KATNI,24280,46694,81371,152345,14760,30060,41319,86139,69734,25223,49386,72266,146875,782197,1601644,2117559,4501400,2148451,256,662,811,1729
114,KHANDWA,13355,59118,104880,177353,4736,25022,41059,70817,51979,8400,44855,74192,127447,224267,1140714,2044512,3409493,1280432,171,601,963,1735
115,KHARGONE,29494,103080,87659,220233,8411,40526,31360,80297,50716,14078,67039,53526,134643,447875,2115806,1783937,4347618,1422388,262,1653,903,2818
116,MANDLA,16518,125816,75792,218126,11651,99391,54486,165528,141814,20952,174495,95644,291091,559082,5363237,2721741,8644060,4123367,330,4381,1528,6239
117,MANDSAUR,32437,8285,116112,156834,12068,2133,47680,61881,44666,21845,3890,94552,120287,699985,130570,2919528,3750083,1163797,328,62,1049,1439
118,MORENA,25781,3563,134820,164164,15228,2357,86419,104004,50306,20427,3371,125269,149067,968211,164677,5630681,6763569,2224458,265,40,1578,1883
119,NARMADAPURAM,13956,22686,40111,76753,5016,9142,14119,28277,16226,8121,14439,21634,44194,247091,446027,790184,1483302,469574,75,173,247,495
120,NARSINGHPUR,21096,22579,69983,113658,7183,7922,27622,42727,23139,11694,13217,43108,68019,341587,368904,1553218,2263709,646661,78,101,368,547
121,NEEMUCH,9809,7563,54683,72055,3016,2192,20222,25430,11801,4522,3099,29092,36713,154165,111119,1135970,1401254,396522,35,27,237,299
122,PANNA,28923,25670,76337,130930,13382,12439,33066,58887,39842,22202,20195,55859,98256,700642,633364,1731229,3065235,1108383,210,260,522,992
123,RAISEN,20366,20775,57082,98223,9867,9542,28756,48165,27833,16109,16765,48499,81373,512558,489589,1615180,2617327,766924,180,254,674,1108
124,RAJGARH,40781,6829,183273,230883,15120,2423,86921,104464,74090,26298,4056,151634,181988,793960,117791,4888969,5800720,2161142,174,15,1175,1364
125,RATLAM,52112,45243,67124,164479,16558,18704,25959,61221,36102,26018,30663,39972,96653,888491,1057034,1483758,3429283,1123803,454,559,744,1757
126,REWA,36129,33341,119356,188826,15201,14433,48642,78276,44557,22763,21627,72765,117155,726816,698943,2558029,3983788,1332284,278,193,875,1346
127,SAGAR,44962,44949,165205,255116,15598,15755,56711,88064,41067,22804,23149,83010,128963,752937,748291,2755069,4256297,1120115,158,168,663,989
128,SATNA,34666,36962,90456,162084,14871,15894,43459,74224,49184,25336,26388,75459,127183,735699,758824,2311532,3806055,1321562,162,254,353,769
129,SEHORE,30815,21840,77753,130408,8425,5591,22459,36475,22371,13965,9623,36959,60547,485016,342903,1349062,2176981,694820,77,205,278,560
130,SEONI,26366,96129,79488,201983,15587,60525,44683,120795,102172,27669,107731,77396,212796,735605,2863253,2127445,5726303,2793757,288,1199,724,2211
131,SHAHDOL,25651,82562,52864,161077,13852,49338,25794,88984,72862,24384,84234,44011,152629,663332,2354167,1287579,4305078,2025152,470,2074,1171,3715
132,SHAJAPUR,16370,10268,54838,81476,8297,3406,28176,39879,19604,12933,5707,41802,60442,485925,208971,1622423,2317319,646056,117,59,360,536
133,SHEOPUR,12084,22855,61209,96148,6303,10402,36394,53099,34651,10576,15760,62623,88959,390112,600153,2252336,3242601,1125926,99,385,629,1113
134,SHIVPURI,27869,30464,101117,159450,12707,11820,49616,74143,41947,19766,17425,79115,116306,719034,612773,2917180,4248987,1360820,251,271,1007,1529
135,SIDHI,21626,37241,60418,119285,11869,22530,33766,68165,50334,20722,37596,59139,117457,613387,1124207,1812579,3550173,1416095,150,397,526,1073
136,SINGRAULI,32480,54177,87792,174449,14108,24225,35867,74200,49734,23000,38342,59144,120486,635790,1053918,1692812,3382520,1262927,161,315,303,779
137,TIKAMGARH,20202,20640,94077,134919,10828,9921,52559,73308,42867,16660,15788,87077,119525,661805,613394,3335281,4610480,1404315,309,259,1229,1797
138,UJJAIN,42467,12415,78097,132979,14528,2112,26438,43078,26209,25126,3822,45581,74529,821539,111524,1528506,2461569,751720,325,23,670,1018
139,UMARIA,9630,57498,52877,120005,4988,34059,24402,63449,46910,7953,54013,38147,100113,254013,1675509,1202692,3132214,1417834,123,1380,595,2098
140,VIDISHA,22296,7306,81753,111355,10916,3488,50068,64472,29085,15259,4950,74825,95034,606529,194361,2982551,3783441,939297,191,108,1249,1548
141,AKOLA,33428,9502,169093,212023,7897,1728,29912,39537,19939,11993,2487,44192,58672,245794,55500,938864,1240158,444441,346,110,1417,1873
142,AMRAVATI,34309,56814,253756,344879,11014,27187,57769,95970,76881,20175,64185,103887,188247,893199,2189126,3980317,7062642,2499063,2800,7213,11782,21795
143,BEED,13776,1714,338141,353631,1975,164,44396,46535,49513,3763,314,115404,119481,78218,8010,2945332,3031560,1301327,149,17,8268,8434
144,BHANDARA,33516,15467,176287,225270,17216,8250,82053,107519,111983,31050,14959,149280,195289,550692,276066,2712153,3538911,2070101,553,328,3208,4089
145,BULDHANA,31894,7440,275587,314921,6229,1451,42226,49906,23959,8831,2073,60002,70906,195332,45929,1497050,1738311,571747,293,85,2858,3236
146,CHANDRAPUR,37358,53506,184748,275612,13496,18745,55450,87691,80373,24600,35137,101963,161700,499123,765754,2012603,3277480,1503954,684,1429,3281,5394
147,Chatrapati Sambhaji Nagar,18501,8958,436666,464125,2595,926,31872,35393,24136,4268,1457,52545,58270,92663,33129,1394457,1520249,647139,110,52,2999,3161
148,Dharashiv,32082,2232,173957,208271,3944,186,21953,26083,18641,6621,356,39370,46347,123940,6879,1058575,1189394,495088,154,11,2597,2762
149,DHULE,18297,66278,167585,252160,2495,15125,31154,48774,36203,4531,30625,56351,91507,86899,521435,1280315,1888649,744989,123,643,2343,3109
150,GADCHIROLI,20029,65318,78958,164305,9504,29446,30998,69948,71289,18910,64604,62629,146143,307136,939299,880880,2127315,1019305,296,1080,905,2281
151,GONDIA,25710,34817,218419,278946,12844,20780,92570,126194,122485,22904,38899,154940,216743,528720,851856,3881250,5261826,2946990,979,1591,7824,10394
152,HINGOLI,38437,34823,76577,149837,8463,8194,24127,40784,27851,14556,14484,42190,71230,342606,360865,1139873,1843344,737105,617,730,2432,3779
153,JALGAON,38243,48267,263601,350111,4846,4902,36190,45938,25558,8069,7782,58384,74235,153803,161270,1125374,1440447,508031,144,246,1357,1747
154,JALNA,15648,2517,254202,272367,1838,330,38607,40775,37529,3567,643,78916,83126,55611,10347,1340284,1406242,664875,61,16,2336,2413
155,KOLHAPUR,27024,620,183528,211172,3694,34,11098,14826,11575,7446,67,19492,27005,98934,916,272808,372658,160845,17,0,202,219
156,LATUR,50775,3862,175134,229771,9688,364,19343,29395,20888,17237,604,33509,51350,306245,13655,850414,1170314,522498,311,27,1805,2143
157,NAGPUR,27014,21429,139257,187700,6923,4820,27490,39233,22271,10707,6926,39160,56793,339632,222232,1373056,1934920,649413,839,563,3727,5129
158,NANDED,75791,37347,278266,391404,12073,4759,33623,50455,37925,20059,7745,58700,86504,480574,206812,1741765,2429151,1130138,938,545,4036,5519
159,NANDURBAR,11151,254853,47432,313436,2846,76292,8957,88095,59172,4876,123733,14331,142940,85399,2182333,264833,2532565,1010272,70,1665,227,1962
160,NASHIK,9167,127225,260164,396556,1878,28948,31391,62217,40854,3869,53384,52326,109579,64699,1014417,1056321,2135437,773298,38,1295,1155,2488
161,PALGHAR,1696,155458,30236,187390,281,49351,4633,54265,56828,527,100840,8329,109696,9470,2305720,145833,2461023,1305734,18,5815,265,6098
162,PARBHANI,22989,2654,188264,213907,3437,198,20481,24116,16350,6029,357,36903,43289,82880,6974,755481,845335,315502,54,11,1348,1413
163,PUNE,14507,19964,180729,215200,1413,1071,10040,12524,10111,2869,1790,18868,23527,57339,35013,439999,532351,246586,64,40,888,992
164,RAIGAD,3874,15798,78054,97726,434,2161,5647,8242,6489,768,4005,10474,15247,10882,81512,196204,288598,125309,13,164,326,503
165,RATNAGIRI,9585,1415,144494,155494,2874,208,28963,32045,27651,4977,378,53941,59296,89094,6612,1033961,1129667,519915,93,9,1877,1979
166,SANGLI,16075,936,182207,199218,1710,47,16565,18322,11299,2936,79,26054,29069,59388,1316,663072,723776,291023,96,2,1479,1577
167,SATARA,21460,1912,234603,257975,3092,160,19045,22297,16622,5241,278,32360,37879,84981,6096,663491,754568,343643,56,8,1234,1298
168,SINDHUDURG,4843,338,69664,74845,815,63,16239,17117,12377,1362,92,28585,30039,25014,2180,539016,566210,231679,25,2,867,894
169,SOLAPUR,31192,5997,249084,286273,3102,375,17998,21475,13731,5392,651,30295,36338,85257,13807,701694,800758,311864,78,23,1470,1571
170,THANE,4707,35294,61820,101821,332,4312,4645,9289,7043,592,7795,8670,17057,8568,138123,144347,291038,122169,6,173,235,414
171,WARDHA,17973,15880,87868,121721,3237,2113,15207,20557,14736,5972,3520,28635,38127,201676,138976,914794,1255446,351523,487,388,2399,3274
172,WASHIM,24129,7976,163183,195288,3565,774,18672,23011,15179,5787,1238,30538,37563,123553,39764,725033,888350,363989,212,100,1505,1817
173,YAVATMAL,35839,66762,305967,408568,7635,10286,46905,64826,42773,12524,15737,76104,104365,291081,414744,2171380,2877205,1199037,474,820,4934,6228
174,CHANDEL,5,20133,160,20298,5,19439,144,19588,8143,5,19785,144,19934,210,950148,7382,957740,385956,0,0,0,0
175,CHURACHANDPUR,49,53538,1161,54748,36,52041,1146,53223,22406,36,53171,1147,54354,1256,1927764,39426,1968446,805667,0,0,0,0
176,IMPHAL EAST,309,1314,107434,109057,294,1206,102225,103725,64190,330,1231,108081,109642,14463,58247,4770665,4843375,2853357,1,6,518,525
177,IMPHAL WEST,2950,1092,57539,61581,2744,1049,55158,58951,40870,3079,1172,64092,68343,138446,53337,2780951,2972734,1826357,0,2,96,98
178,JIRIBAM,1360,751,6333,8444,1284,651,5845,7780,3320,1351,682,6098,8131,57405,29453,289095,375953,158256,0,0,5,5
179,KAKCHING,2291,336,33734,36361,2158,19,30960,33137,22735,2559,19,39163,41741,83304,718,1353138,1437160,810165,1,0,90,91
180,KAMJONG,0,14712,7,14719,0,12799,7,12806,4424,0,13015,9,13024,0,527092,365,527457,182601,0,0,0,0
181,KANGPOKPI,130,33263,5365,38758,111,31461,5036,36608,9838,111,32584,5056,37751,5174,1281303,196287,1482764,376342,0,0,0,0
182,NONEY,1,10851,875,11727,1,10566,843,11410,3322,1,10655,848,11504,41,331977,27944,359962,104205,0,0,0,0
183,PHERZAWL,0,7770,131,7901,0,7761,131,7892,1688,0,7782,142,7924,0,279255,4913,284168,60553,0,0,0,0
184,SENAPATI,35,39346,1185,40566,24,35562,946,36532,14155,28,36007,981,37016,799,1327841,29694,1358334,500836,0,0,0,0
185,TAMENGLONG,5,18758,1709,20472,5,19089,1809,20903,7647,5,19430,1847,21282,220,741680,71451,813351,286750,0,0,0,0
186,TENGNOUPAL,87,13873,1483,15443,81,12657,1159,13897,6744,81,13141,1200,14422,3263,543513,55212,601988,279207,0,0,0,0
187,THOUBAL,40,279,47461,47780,39,98,43827,43964,33009,46,133,57946,58125,1808,4011,1834038,1839857,1115645,0,0,128,128
188,UKHRUL,47,33440,131,33618,42,30708,87,30837,13770,42,31972,87,32101,1856,1406161,4529,1412546,612731,0,9,0,9
189,East Jaintia Hills,2,31235,54,31291,2,23362,45,23409,17401,2,24432,46,24480,32,1308188,2542,1310762,938618,0,1114,2,1116
190,EAST KHASI HILLS,229,97931,1370,99530,188,78642,988,79818,61490,200,87348,1061,88609,15140,5854651,78158,5947949,4204478,51,25014,293,25358
191,NORTH GARO HILLS,23,39468,521,40012,23,38374,500,38897,39180,46,77195,1018,78259,2252,3751256,48664,3802172,1740491,19,33107,435,33561
192,RI BHOI,460,55700,1946,58106,198,42607,1149,43954,37396,306,69503,1815,71624,11283,2312440,61293,2385016,1193105,37,4946,127,5110
193,SOUTH GARO HILLS,215,37981,1232,39428,189,33293,1014,34496,9772,191,34452,1048,35691,18385,3164693,95843,3278921,878094,146,26936,814,27896
194,SOUTH WEST GARO HILLS,773,33363,8691,42827,740,32319,8329,41388,24564,773,46381,9200,56354,24418,1933749,265014,2223181,873436,1,3062,130,3193
195,SOUTH WEST KHASI HILLS,0,23128,77,23205,0,21062,74,21136,15020,0,29305,74,29379,0,1586027,4431,1590458,840525,0,5541,0,5541
196,WEST GARO HILLS,2166,75203,28821,106190,2027,69748,27458,99233,60552,2669,94161,42299,139129,125673,5626739,1942088,7694500,2912690,274,29639,6491,36404
197,WEST JAINTIA HILLS,149,53428,93,53670,115,40606,82,40803,36723,126,52318,98,52542,5794,2505588,6444,2517826,1837277,30,9310,29,9369
198,WEST KHASI HILLS,0,65369,49,65418,0,53164,43,53207,45641,0,77576,45,77621,0,3463309,3275,3466584,2023798,0,10457,6,10463
199,CHAMPHAI,0,29744,0,29744,0,30760,0,30760,16902,0,30936,0,30936,0,2877082,0,2877082,1536059,0,16223,0,16223
200,KOLASIB,6,19312,82,19400,6,19766,83,19855,9643,6,20243,85,20334,590,1860192,7776,1868558,855052,4,16724,74,16802
201,LAWNGTLAI,7,32903,201,33111,7,32717,202,32926,13312,7,34182,208,34397,576,3062016,18734,3081326,1127745,3,24856,165,25024
202,LUNGLEI,5,38197,216,38418,5,38373,215,38593,22112,5,38376,215,38596,500,3640123,19436,3660059,2053277,5,31532,166,31703
203,MAMIT,0,21150,0,21150,0,21395,1,21396,14478,0,21555,1,21556,0,2044274,20,2044294,1374764,0,18846,0,18846
204,SERCHHIP,3,14926,113,15042,3,14882,112,14997,7701,3,15146,112,15261,298,1420440,10093,1430831,713637,1,8826,59,8886
205,Siaha,16,15925,364,16305,17,15800,363,16180,6798,19,16297,364,16680,1691,1525621,35412,1562724,607034,16,14343,334,14693
206,KIPHIRE,0,23771,56,23827,0,22796,56,22852,7797,0,23235,56,23291,0,925283,2492,927775,302789,0,0,0,0
207,KOHIMA,0,53578,172,53750,0,40739,148,40887,19937,0,45689,155,45844,0,1440325,6905,1447230,619248,0,1,0,1
208,LONGLENG,2,21631,105,21738,1,21306,100,21407,9826,2,28508,127,28637,41,779236,3631,782908,188468,0,0,0,0
209,MOKOKCHUNG,2,35373,371,35746,2,32578,296,32876,15543,2,33872,302,34176,98,1418923,13535,1432556,650551,0,0,0,0
210,MON,10,43335,567,43912,10,41595,503,42108,17684,10,44703,521,45234,320,1285967,11962,1298249,502794,0,0,0,0
211,PEREN,0,27950,19,27969,0,27518,16,27534,13557,0,35472,18,35490,0,732463,439,732902,246459,0,0,0,0
212,PHEK,27,31095,3332,34454,27,30946,3192,34165,12254,27,31753,3707,35487,981,1267327,159475,1427783,491681,0,0,0,0
213,TUENSANG,8,42148,6540,48696,5,26578,5098,31681,12909,5,28718,5265,33988,193,1284267,232630,1517090,582059,0,0,0,0
214,WOKHA,4,32114,1768,33886,4,31016,1730,32750,13004,4,31052,1733,32789,115,932246,52543,984904,392286,0,0,0,0
215,ZUNHEBOTO,0,37650,157,37807,0,33448,8,33456,8483,0,34965,8,34973,0,1164117,246,1164363,271124,0,0,0,0
216,BARPETA,8348,3463,286205,298016,2541,1209,94598,98348,67849,4260,1973,156113,162346,74264,45623,3252134,3372021,1332084,8,4,1160,1172
217,Biswanath,9674,22782,87487,119943,3384,9743,27259,40386,25564,4290,14163,33922,52375,61376,255313,544802,861491,411608,4,47,116,167
218,BONGAIGAON,7914,1969,106557,116440,1955,406,29145,31506,19402,2835,516,42914,46265,37883,8459,721191,767533,304297,7,6,322,335
219,CACHAR,18475,3037,246387,267899,7457,1376,101843,110676,32707,7884,1462,108209,117555,278347,42672,4035564,4356583,1175914,39,5,964,1008
220,CHARAIDEO,930,1774,64682,67386,249,463,15452,16164,9728,319,553,19552,20424,3742,6954,266095,276791,124108,1,0,49,50
221,CHIRANG,7117,44958,55066,107141,3649,25142,27504,56295,41362,5005,40312,41125,86442,119944,1142301,1097047,2359292,1121489,44,1295,740,2079
222,DARRANG,5462,845,156474,162781,1077,150,35783,37010,26561,1550,231,58868,60649,32473,3928,1148135,1184536,518940,16,1,345,362
223,DHEMAJI,5819,64434,76310,146563,2424,35992,37872,76288,75141,4405,71727,71620,147752,80942,1332460,1335354,2748756,1357519,32,332,511,875
224,DHUBRI,2117,170,214758,217045,828,32,84836,85696,70750,1536,60,169175,170771,31883,1206,3382347,3415436,1385595,3,0,1030,1033
225,DIBRUGARH,6046,17051,164691,187788,2735,8980,70214,81929,55425,3920,13474,93374,110768,60304,200018,1419895,1680217,820976,15,40,376,431
226,Dima Hasao,682,27979,3202,31863,181,10292,755,11228,6054,218,13857,991,15066,3290,270726,18826,292842,108051,0,7,1,8
227,GOALPARA,6402,39098,101572,147072,1171,8501,22231,31903,21601,1646,11486,32826,45958,26178,165891,533581,725650,327702,8,14,97,119
228,GOLAGHAT,7704,16857,150330,174891,3251,7894,60041,71186,41886,4336,11365,79712,95413,67090,179098,1269982,1516170,646962,27,96,392,515
229,HAILAKANDI,11220,2759,112217,126196,3109,916,31453,35478,9771,3430,965,36244,40639,78742,18653,764097,861492,200490,0,0,78,78
230,HOJAI,12238,3724,93223,109185,5087,1462,43170,49719,27891,9534,2012,56797,68343,227904,52327,1817024,2097255,813352,172,22,380,574
231,JORHAT,7988,8210,128014,144212,2470,3067,38341,43878,24323,2861,3833,42947,49641,51767,89504,804272,945543,430544,12,30,80,122
232,KAMRUP,19253,31319,217855,268427,5190,7730,64688,77608,40972,7078,9249,89130,105457,142243,178690,1985413,2306346,854224,64,99,785,948
233,KAMRUP (METRO),8780,10464,25172,44416,1118,1215,1898,4231,2588,1547,1528,2454,5529,43785,29678,66910,140373,60602,0,0,0,0
234,KARBI ANGLONG,5282,77602,25179,108063,2452,41710,7875,52037,32198,3341,52592,9975,65908,51852,1110878,168204,1330934,648967,0,91,4,95
235,KOKRAJHAR,3846,60276,115264,179386,1020,22317,38857,62194,52254,1814,38008,75831,115653,41993,827777,1517785,2387555,1059167,3,406,383,792
236,LAKHIMPUR,11297,53574,152664,217535,4494,27637,74227,106358,96523,8122,52152,134908,195182,202776,1354873,3439207,4996856,2469341,413,2873,7242,10528
237,MAJULI,4344,16330,16332,37006,2810,10431,11167,24408,15770,4143,17266,17358,38767,124075,412351,503278,1039704,411666,112,533,536,1181
238,Morigaon,18172,23372,132016,173560,7411,7990,53820,69221,41041,10295,10203,78733,99231,183436,163849,1548121,1895406,757746,5,9,88,102
239,NAGAON,12454,8690,220153,241297,6012,3085,93899,102996,52253,7612,4035,120945,132592,181336,75183,3012972,3269491,1236133,69,23,1211,1303
240,NALBARI,5523,3576,139311,148410,1920,1358,61167,64445,31925,2600,1648,80799,85047,63966,41325,2605351,2710642,1017237,18,1,2094,2113
241,SIVASAGAR,4304,6238,95778,106320,1283,2319,30370,33972,21522,1647,3125,39570,44342,23286,33987,564566,621839,278055,2,2,117,121
242,SONITPUR,7839,11216,178981,198036,3438,5001,79550,87989,66082,4833,7830,138783,151446,105660,153590,2927804,3187054,1347415,10,19,731,760
243,SOUTH SALMARA-MANKACHAR,1080,363,53462,54905,463,83,25240,25786,15066,497,84,27653,28234,15757,3047,853687,872491,466916,3,0,478,481
244,Sribhumi,29790,2392,171461,203643,10892,713,77517,89122,35141,11912,784,89981,102677,311936,17408,2357930,2687274,908453,20,1,741,762
245,TINSUKIA,2958,12273,153934,169165,738,3556,40460,44754,25890,915,4748,49759,55422,11681,63278,796598,871557,380957,1,12,211,224
246,UDALGURI,7625,62088,97879,167592,4235,39529,53511,97275,58032,5666,50182,70805,126653,161967,1615954,2019459,3797380,1710627,57,462,788,1307
247,WEST KARBI ANGLONG,1191,31820,9243,42254,355,13282,2858,16495,8724,416,14987,3046,18449,5666,244285,41825,291776,135806,0,4,0,4
248,BALESHWAR,63627,39107,252152,354886,16553,10759,57056,84368,57075,26432,14411,90817,131660,696326,551809,2249114,3497249,1513270,436,353,1515,2304
249,BARGARH,51490,57267,142872,251629,16631,21903,41468,80002,47297,25797,33264,64657,123718,688454,953895,1671209,3313558,1166661,455,758,1125,2338
250,BHADRAK,42174,3623,221455,267252,7896,651,48239,56786,34812,11711,848,74209,86768,272804,27963,1817916,2118683,843364,39,5,537,581
251,BOLANGIR,54356,71580,192576,318512,20246,30320,69000,119566,89248,34728,51449,118600,204777,1010370,1600841,3336540,5947751,2414462,1421,2715,5015,9151
252,BOUDH,22714,11985,66139,100838,8710,5274,25796,39780,28732,14583,8087,42811,65481,373112,221984,1113166,1708262,711201,12,30,46,88
253,CUTTACK,64318,15388,207375,287081,9449,2613,43341,55403,38017,14886,3861,77430,96177,273374,91551,1747042,2111967,832241,190,84,1191,1465
254,DEOGARH,11649,23217,34068,68934,4244,9461,14766,28471,23575,6916,15868,25358,48142,156682,391003,628092,1175777,568345,77,252,348,677
255,DHENKANAL,37529,29720,126406,193655,11522,9476,42792,63790,51651,19536,15036,76241,110813,621238,534764,2374462,3530464,1630050,1131,1268,5859,8258
256,GAJAPATI,10217,71987,45552,127756,3795,33208,14648,51651,38976,5937,53718,22882,82537,172866,1497027,628943,2298836,1052340,105,1181,241,1527
257,GANJAM,111296,28423,393254,532973,41087,13002,154470,208559,151813,56551,18318,215629,290498,2590830,830706,10011838,13433374,7179249,9120,2725,34268,46113
258,JAGATSINGHAPUR,30816,936,110554,142306,4576,94,21227,25897,16996,7305,139,36574,44018,111882,2217,645423,759522,289250,62,2,347,411
259,JAJPUR,73331,23318,200649,297298,13923,3945,35291,53159,32018,22618,6090,58857,87565,560241,167804,1515070,2243115,790874,596,177,1556,2329
260,JHARSUGUDA,15520,30021,26178,71719,6007,12781,10237,29025,20920,9706,20312,17234,47252,275172,596357,507927,1379456,586344,40,156,111,307
261,KALAHANDI,57631,96607,156212,310450,19665,40738,50870,111273,72701,30461,60203,78633,169297,854531,1747566,2149379,4751476,1892560,680,1444,1548,3672
262,KANDHAMAL,32354,80415,40950,153719,16723,43757,21733,82213,60997,27282,69191,34972,131445,814432,2153339,1086748,4054519,1790570,533,3029,751,4313
263,KENDRAPARA,43533,1641,186013,231187,8865,266,43897,53028,34683,14127,454,73030,87611,297342,10215,1793250,2100807,835740,158,7,943,1108
264,KENDUJHAR,44108,145956,143804,333868,18136,62596,54380,135112,100893,28368,101178,88873,218419,700508,2807014,2308091,5815613,2636276,862,4547,3821,9230
265,KHORDHA,25880,10690,108958,145528,2770,1641,19675,24086,17387,4219,2250,33930,40399,99976,60698,868206,1028880,419791,240,100,1900,2240
266,KORAPUT,45167,163681,87364,296212,14267,65898,30810,110975,77254,24177,107320,53257,184754,759226,3532549,1626501,5918276,2262422,650,3931,1184,5765
267,MALKANGIRI,23676,70427,17706,111809,7344,27177,6634,41155,25695,11402,41383,11029,63814,335322,1226942,313913,1876177,703558,279,1423,291,1993
268,MAYURBHANJ,51933,273130,158520,483583,25724,138355,73471,237550,170718,41570,215020,116661,373251,1458853,7603853,4018626,13081332,5688725,3456,17157,9139,29752
269,NABARANGAPUR,41650,150473,74648,266771,17062,67748,31918,116728,86383,28787,111246,52594,192627,820800,3465970,1573130,5859900,2408172,316,2480,552,3348
270,NAYAGARH,22471,12621,134311,169403,5585,4540,42023,52148,38087,9367,7096,74607,91070,203011,191240,1693825,2088076,864555,216,224,2053,2493
271,NUAPADA,19422,49290,64452,133164,7346,22461,23575,53382,45125,14077,42729,45747,102553,343230,1045080,1107171,2495481,1049358,558,1825,2067,4450
272,PURI,47095,1700,197817,246612,9198,291,46279,55768,37316,15112,451,80573,96136,311630,10464,1857102,2179196,828617,332,14,2386,2732
273,RAYAGADA,35572,122703,50099,208374,15812,56139,20851,92802,70468,26200,90108,33948,150256,687563,2446153,917933,4051649,1796115,371,1915,633,2919
274,SAMBALPUR,23411,55545,47243,126199,7094,19357,16739,43190,30034,11278,30985,26917,69180,284058,795208,755677,1834943,765342,225,748,635,1608
275,SONEPUR,27310,11531,85754,124595,9766,4128,27926,41820,28299,16711,6588,46465,69764,440412,186354,1246454,1873220,739995,122,77,413,612
276,SUNDARGARH,29848,213494,69983,313325,12579,91697,30833,135109,93529,18779,136203,45353,200335,663545,4677630,1632232,6973407,3105215,657,4466,1464,6587
277,BARNALA,27386,16,3802,31204,16110,9,1839,17958,14542,18988,11,2135,21134,459010,335,51893,511238,349277,50,0,7,57
278,BHATINDA,65537,1,22534,88072,37549,0,9177,46726,39365,46346,0,11209,57555,987688,0,242098,1229786,823065,201,0,69,270
279,FARIDKOT,37164,30,10485,47679,19380,13,5292,24685,20475,26358,19,6736,33113,490465,557,145256,636278,386275,33,0,9,42
280,FATEHGARH SAHIB,35608,1,13168,48777,20327,0,6291,26618,21847,23395,0,7105,30500,1176700,0,363017,1539717,1180985,1209,0,387,1596
281,Fazilka,67458,34,56062,123554,38744,23,27797,66564,48923,54168,32,36758,90958,870128,440,599859,1470427,751868,52,0,59,111
282,FEROZEPUR,81910,45,25175,107130,34089,27,10748,44864,25968,44205,35,13317,57557,974321,1180,360772,1336273,581897,269,0,112,381
283,GURDASPUR,16521,67,84259,100847,5103,48,34101,39252,13937,5520,50,35528,41098,154135,1509,1154105,1309749,385930,9,0,131,140
284,HOSHIARPUR,57996,81,49213,107290,25655,29,17838,43522,27056,27966,32,19262,47260,828697,999,701050,1530746,839287,292,0,321,613
285,JALANDHAR,56789,1,4942,61732,23168,0,1591,24759,18354,25469,0,1793,27262,717768,0,50681,768449,514302,221,0,11,232
286,KAPURTHALA,32215,72,8364,40651,19534,65,3929,23528,17773,22170,66,4396,26632,818914,2210,146884,968008,678902,757,1,127,885
287,LUDHIANA,103032,1,30451,133484,44180,2,10185,54367,43478,48550,3,11086,59639,1705640,92,394502,2100234,1571460,619,0,134,753
288,MALERKOTLA,0,0,0,0,0,0,0,0,0,0,0,0,0,0,0,0,0,0,0,0,0,0
289,MANSA,50005,0,24278,74283,27001,0,6971,33972,26868,34622,0,8431,43053,735074,0,195279,930353,577705,139,0,57,196
290,MOGA,71670,55,10673,82398,35440,23,4281,39744,32846,45110,30,5371,50511,925697,593,121129,1047419,674747,108,0,10,118
291,MUKATSAR,75277,50,16180,91507,41209,15,7364,48588,42394,58752,22,10656,69430,1030449,416,209486,1240351,738146,106,0,35,141
292,NAWANSHAHR,26219,12,14328,40559,13854,8,6484,20346,14766,15106,8,7063,22177,626228,352,264030,890610,605729,205,0,76,281
293,Pathankot,18319,44,18146,36509,6703,22,7268,13993,4047,7305,23,7754,15082,265212,805,339336,605353,143342,62,0,141,203
294,PATIALA,69627,2,46852,116481,37609,0,20787,58396,43088,44021,0,24142,68163,976982,0,550808,1527790,964876,187,0,100,287
295,ROPAR,20213,55,20769,41037,9394,19,6792,16205,11804,10515,21,7475,18011,364905,567,255236,620708,416536,201,0,144,345
296,SANGRUR,73179,66,24061,97306,36425,35,8665,45125,33611,41948,35,9738,51721,950737,535,221835,1173107,739535,297,0,92,389
297,SAS NAGAR MOHALI,14585,2,17054,31641,5281,2,6475,11758,8750,5978,2,7094,13074,158556,109,227152,385817,255219,45,0,124,169
298,TARN TARAN,67988,56,39029,107073,11190,29,10434,21653,11544,15603,40,14795,30438,333952,630,424053,758635,267659,89,0,214,303
299,ALWAR,83468,45145,210349,338962,34255,15971,53344,103570,89405,42621,20308,70695,133624,1631996,657410,2372615,4662021,3357929,3601,843,4331,8775
300,BANSWARA,15547,339290,59576,414413,11462,252932,39334,303728,286613,18997,444443,66690,530130,648265,14310044,2182856,17141165,9701147,880,25978,3070,29928
301,BARAN,45565,65122,128326,239013,27442,39021,65314,131777,120765,45644,66824,108083,220551,1665639,2308129,3721042,7694810,4666800,5287,7016,10416,22719
302,BARMER,93539,38379,440602,572520,56363,22231,258978,337572,306387,94413,35834,445009,575256,3435850,1246411,16775911,21458172,11807440,5272,1660,31140,38072
303,BHARATPUR,81849,8316,269395,359560,36586,2425,91425,130436,110795,48473,3326,134463,186262,1552958,86015,3835175,5474148,3449605,2556,77,4651,7284
304,BHILWARA,90174,57750,363433,511357,60761,40600,227920,329281,295816,79295,54672,293124,427091,4200264,2796730,15350631,22347625,17365719,16274,10450,55251,81975
305,BIKANER,128225,2866,224955,356046,75075,1752,116335,193162,158916,121245,2858,187033,311136,4397025,106437,6748968,11252430,5886062,7750,193,13348,21291
306,BUNDI,42218,53403,117736,213357,25100,32511,64908,122519,106752,37236,50034,96314,183584,1426088,1837369,3500157,6763614,4313285,4118,5626,9123,18867
307,CHITTORGARH,50087,46500,165494,262081,21860,24333,59757,105950,94355,30455,33535,83823,147813,1196942,1415740,3183485,5796167,4039135,3229,4095,8378,15702
308,CHURU,87833,3112,233848,324793,61875,1859,133195,196929,157824,87205,2565,188189,277959,3827313,112421,7983818,11923552,7214711,9439,239,18488,28166
309,DAUSA,47176,66613,128276,242065,17915,22046,36574,76535,73471,22155,29548,45724,97427,876646,1003962,1654611,3535219,2856184,2211,2038,3824,8073
310,DHOLPUR,57387,13555,107648,178590,31350,8603,35586,75539,57316,47194,13250,54614,115058,1881705,488629,1850477,4220811,2256110,5486,934,3780,10200
311,DUNGARPUR,10456,254619,89921,354996,8091,208064,66262,282417,261908,12383,318293,102159,432835,551419,14244048,4467977,19263444,13505899,1610,37094,12790,51494
312,HANUMANGARH,95484,844,190510,286838,67085,514,90555,158154,122934,86844,647,119592,207083,4398658,33071,5353299,9785028,6426217,9574,57,10301,19932
313,JAIPUR,98073,63230,310698,472001,35919,16281,85471,137671,127599,39955,18430,97713,156098,1700683,746462,3672821,6119966,5266169,3136,1363,5127,9626
314,JAISALMER,22103,8651,116373,147127,16887,6048,81512,104447,92241,25911,9559,128107,163577,1314559,464767,6133204,7912530,4865093,5719,2077,24543,32339
315,JALORE,66215,34954,191720,292889,39827,19925,86588,146340,136649,54087,25995,113655,193737,2662707,1247091,5210744,9120542,7170117,10721,4247,16503,31471
316,JHALAWAR,73559,50888,202521,326968,50024,38006,134941,222971,190082,80918,63974,218254,363146,3038081,2441646,8191992,13671719,7532043,8205,6817,21790,36812
317,JHUNJHUNU,54928,4851,115223,175002,24101,1357,24260,49718,36677,27917,1613,29501,59031,1586454,83389,1426140,3095983,2056403,6029,277,4688,10994
318,JODHPUR,87558,16690,397178,501426,54172,10272,218444,282888,250229,72565,13994,297885,384444,3390310,626718,13233675,17250703,12315864,10249,1832,35908,47989
319,KARAULI,58047,63942,130212,252201,24026,27387,43241,94654,80393,35864,43119,67587,146570,1236537,1327073,2149599,4713209,2705628,3020,2766,5077,10863
320,KOTA,43863,26697,98363,168923,28024,16410,52376,96810,87413,42101,25697,76590,144388,1727581,961603,2993097,5682281,3836668,5366,3161,7826,16353
321,NAGAUR,146042,1281,380933,528256,94368,737,203998,299103,266073,125889,869,280345,407103,6124319,47208,12544229,18715756,13463262,18360,166,34214,52740
322,PALI,77130,29676,249878,356684,43095,17968,118601,179664,167606,55010,22141,145709,222860,2801376,1164505,7226075,11191956,9220027,9519,3404,19701,32624
323,PRATAPGARH,11199,139071,46947,197217,7178,96267,24665,128110,117668,11604,160024,39780,211408,416244,5693372,1332774,7442390,4449763,897,11725,2403,15025
324,RAJSAMAND,37490,37244,150502,225236,23207,20988,71173,115368,108040,28585,25951,85383,139919,1570774,1347750,4569468,7487992,6316801,5766,4383,13645,23794
325,SAWAI MADHOPUR,48792,61094,130603,240489,25758,29078,57635,112471,93011,38379,46027,87358,171764,1296655,1406873,2729724,5433252,3111024,2186,3090,4689,9965
326,SIKAR,70947,10724,198503,280174,30575,3704,36856,71135,60869,35311,4350,44230,83891,1933572,243162,2210470,4387204,3398829,7634,1026,7946,16606
327,SIROHI,36687,57301,76272,170260,19570,30705,30061,80336,76646,25027,38910,34326,98263,1256036,1898215,1851612,5005863,4223270,4111,5595,6306,16012
328,SRI GANGANAGAR,153978,887,170752,325617,111528,570,91228,203326,161786,152637,782,125920,279339,6208927,28305,4752120,10989352,7045209,11269,45,9219,20533
329,TONK,55187,41643,179456,276286,27667,21739,83274,132680,120131,40526,34947,123397,198870,1306983,1051680,3732723,6091386,4032888,1579,1353,4035,6967
330,UDAIPUR,24064,341123,168020,533207,9765,195535,61598,266898,230622,13524,295924,89901,399349,551833,10647980,3254651,14454464,9079455,1607,29575,8563,39745
331,COIMBATORE,55833,4737,104549,165119,22737,1328,41418,65483,60716,23709,1408,44216,69333,1115253,58809,2147339,3321401,2978898,202,2,400,604
332,CUDDALORE,168270,2537,283720,454527,129370,1665,210172,341207,331098,180169,2210,272082,454461,3553348,41809,5290888,8886045,6756630,250,0,298,548
333,DHARMAPURI,37942,7363,194142,239447,22980,3572,117552,144104,141428,24061,3782,122288,150131,543794,110356,2760862,3415012,3225106,10,1,55,66
334,DINDIGUL,86932,707,241537,329176,58881,262,168017,227160,215363,67051,341,189478,256870,3629232,16563,10178791,13824586,11959504,2699,8,8216,10923
335,ERODE,59182,3526,139869,202577,27481,1750,63893,93124,83892,29048,1986,67319,98353,1487863,89679,3782561,5360103,4646929,920,12,3225,4157
336,KANCHIPURAM,148887,6016,187445,342348,115506,4542,147865,267913,249945,131481,5085,165768,302334,8455539,314631,10850866,19621036,17097660,11529,335,13399,25263
337,KANNIYAKUMARI,7066,692,101918,109676,3141,221,28794,32156,28447,3339,254,30028,33621,207833,8032,1778310,1994175,1730446,417,3,4671,5091
338,KARUR,37773,36,110151,147960,25036,24,77813,102873,98872,28583,28,87196,115807,1693789,1488,5300084,6995361,6177639,1276,1,4176,5453
339,KRISHNAGIRI,43602,2968,231636,278206,28692,1811,158974,189477,180492,29842,1916,165595,197353,1313696,80256,6772927,8166879,7513460,254,13,1042,1309
340,MADURAI,67946,764,226922,295632,48223,519,165699,214441,203199,52475,535,182624,235634,1649738,14283,5402745,7066766,6255460,145,3,370,518
341,NAGAPATTINAM,115898,347,131049,247294,99412,193,101549,201154,200300,144961,247,131234,276442,4597828,5838,4150650,8754316,6754198,1143,1,655,1799
342,NAMAKKAL,67656,15488,147117,230261,39672,9547,84430,133649,126194,42438,11051,90504,143993,1879061,438399,4420197,6737657,6010209,573,83,1832,2488
343,PERAMBALUR,39119,386,81935,121440,24042,211,49017,73270,70473,27654,233,56429,84316,555364,4536,1310417,1870317,1568218,59,0,136,195
344,PUDUKKOTTAI,58589,5,237183,295777,45093,4,183549,228646,222974,50231,4,204277,254512,1909269,187,7685789,9595245,8514796,377,0,1620,1997
345,RAMANATHAPURAM,56230,6,158529,214765,42458,5,117120,159583,154228,48571,6,132449,181026,2140034,209,6006306,8146549,7148644,711,0,2275,2986
346,SALEM,91038,29231,315341,435610,38550,11759,152341,202650,191503,41259,13096,162566,216921,1428584,456948,6677969,8563501,7701006,307,73,2005,2385
347,SIVAGANGAI,45214,19,160131,205364,31306,10,113683,144999,138410,34243,12,123981,158236,1631095,494,6159761,7791350,7004844,764,0,3228,3992
348,THANJAVUR,92952,80,213960,306992,71958,39,151097,223094,217223,94240,43,179671,273954,3786352,2375,7940206,11728933,9824272,1034,2,2158,3194
349,THE NILGIRIS,18116,4050,31331,53497,8049,1844,15573,25466,22810,8680,2120,16897,27697,428285,93715,771964,1293964,1085047,84,14,146,244
350,THENI,35369,175,101839,137383,15022,50,45532,60604,56736,16510,53,49797,66360,368651,1271,1275763,1645685,1389459,13,0,52,65
351,THOOTHUKKUDI,66806,214,140215,207235,45656,106,86270,132032,124227,50030,115,94608,144753,2373288,3726,4610574,6987588,6156912,1222,1,3755,4978
352,TIRUCHIRAPPALLI,75157,3668,247502,326327,57942,2962,192056,252960,242445,66717,3785,217439,287941,2851661,155756,10005989,13013406,11402862,1205,82,5769,7056
353,TIRUNELVELI,92100,292,208871,301263,59652,102,124498,184252,173843,67789,113,140807,208709,2703574,4705,6137516,8845795,7612525,1053,3,3489,4545
354,TIRUPPUR,77757,250,126889,204896,45835,117,67477,113429,101555,48730,120,71471,120321,2762887,5494,4374006,7142387,6183892,3007,2,5431,8440
355,TIRUVALLUR,123325,8265,166897,298487,89559,5944,126723,222226,207947,93922,6255,133215,233392,5157411,342336,7032439,12532186,11329756,3334,246,5060,8640
356,TIRUVANNAMALAI,124384,22748,375314,522446,100006,14853,303934,418793,385381,114863,17950,342119,474932,4071284,503535,11599150,16173969,13689782,2733,96,5150,7979
357,TIRUVARUR,101909,53,107417,209379,82457,28,65140,147625,146701,119779,39,83857,203675,3545847,730,2560653,6107230,4720950,575,0,315,890
358,VELLORE,113190,9420,309990,432600,73494,5454,217190,296138,283031,78534,6202,233470,318206,3513935,234426,9328466,13076827,11849082,957,41,1561,2559
359,VILLUPURAM,227588,16487,472250,716325,150520,6141,311285,467946,440039,186285,7873,378843,573001,3277585,169343,6705698,10152626,7994815,95,14,293,402
360,VIRUDHUNAGAR,74324,129,168353,242806,45404,62,107503,152969,145049,50773,71,120414,171258,2081557,2884,5083147,7167588,6210700,503,1,1392,1896
361,Bhadradri Kothagudem,31526,113399,71976,216901,10188,51898,24032,86118,78280,15035,85374,36180,136589,399418,2259388,1034826,3693632,2269332,527,3238,1376,5141
362,Jagtial,45354,7039,126101,178494,20905,3957,53906,78768,75167,27605,5680,71823,105108,978501,214427,2476219,3669147,2776295,2163,576,5080,7819
363,Jangaon,33172,17257,87686,138115,14832,9871,44617,69320,68369,22741,19229,71916,113886,602147,445658,1901165,2948970,1895485,1091,934,2899,4924
364,Jayashanker,43929,40254,113645,197828,17768,18502,46606,82876,79355,31595,33084,83804,148483,749749,871350,1949048,3570147,1947298,1119,1504,2866,5489
365,Jogulamba Gadwal,33809,2308,124379,160496,11011,533,38016,49560,45460,19353,877,66508,86738,419240,21331,1446099,1886670,996493,643,55,2461,3159
366,Kamareddy,44698,23628,154684,223010,27200,16170,86373,129743,134957,50476,34313,161367,246156,1322740,868380,4127416,6318536,3593103,1995,1687,5535,9217
367,KARIMNAGAR,41953,1599,108092,151644,14465,368,40021,54854,52145,19688,562,56358,76608,533550,15840,1484913,2034303,1500321,818,42,1965,2825
368,KHAMMAM,76848,60149,174441,311438,36032,29025,77530,142587,133952,55675,51263,121795,228733,1501793,1324875,3177613,6004281,3726410,2045,2182,3995,8222
369,Kumram Bheem(Asifabad),21434,42500,62307,126241,11709,25316,30012,67037,60379,21013,46596,53472,121081,529280,1054018,1294900,2878198,1486303,788,1456,1558,3802
370,Mahabubabad,30970,96804,92621,220395,12661,43908,43109,99678,96992,21337,83343,73879,178559,487009,1790041,1762388,4039438,2291493,631,2464,2190,5285
371,MAHBUBNAGAR,54268,31492,208110,293870,18305,11582,75321,105208,92452,26511,16090,114068,156669,614422,407916,2840436,3862774,2391989,1270,1095,6139,8504
372,Mancherial,41239,18001,73569,132809,20286,10226,32945,63457,56257,32866,16986,52377,102229,831508,440416,1236997,2508921,1488117,1192,719,1603,3514
373,MEDAK,40962,21776,132470,195208,18680,10074,62041,90795,88588,32161,18788,110051,161000,847603,487197,2937448,4272248,2475381,1627,1115,5510,8252
374,Medchal,5858,1350,11849,19057,968,161,1682,2811,2260,987,165,1713,2865,29609,4690,54594,88893,67940,35,5,106,146
375,Nagarkurnool,48818,28565,115412,192795,17323,8760,40552,66635,62824,26526,15623,64130,106279,702381,343155,1747302,2792838,1764307,1225,576,2991,4792
376,NALGONDA,79629,59966,241387,380982,35315,31226,103047,169588,168975,56554,61771,170000,288325,1239440,1393341,3893865,6526646,4005308,1571,2358,5757,9686
377,Nirmal,34282,27776,114310,176368,20226,17197,58843,96266,94199,33804,31525,98355,163684,1076083,931898,3006737,5014718,3055585,1921,1798,4878,8597
378,NIZAMABAD,56485,31314,176181,263980,29599,20953,85550,136102,132954,44006,35975,126872,206853,1396002,1095907,3965652,6457561,4328929,2346,1960,5710,10016
379,Peddapalli,27365,3007,94029,124401,13726,1868,49960,65554,62045,20712,3183,77426,101321,579357,102662,2088199,2770218,1891033,988,206,3353,4547
380,Rangareddy,47240,23456,93177,163873,22279,9724,41313,73316,66004,33473,15855,61766,111094,1152027,477509,2155718,3785254,2463448,2365,1077,3809,7251
381,Sangareddy,68026,24895,152958,245879,26945,8604,42089,77638,71971,44271,15872,67834,127977,1289664,368385,1814212,3472261,2042784,2144,674,2419,5237
382,Siddipet,50737,5968,153685,210390,24858,2699,73327,100884,95554,38489,4572,117519,160580,1184954,123791,3657683,4966428,3127913,2695,317,8425,11437
383,Sirsilla,27484,4896,68642,101022,13429,3423,33158,50010,46535,19060,6045,48283,73388,629578,227652,1523584,2380814,1624337,1524,766,3434,5724
384,Suryapet,56954,41536,164493,262983,26697,22028,81117,129842,129479,45015,42018,137765,224798,866854,731003,2569546,4167403,2567367,829,758,1989,3576
385,Vikarabad,48206,24864,119677,192747,27258,11271,55146,93675,87549,48849,20032,97738,166619,1382409,520621,2663816,4566846,2409300,2436,1024,4671,8131
386,Wanaparthy,26737,13442,109822,150001,8561,4863,41397,54821,51041,13057,7416,64793,85266,350339,201111,1746935,2298385,1466220,611,430,2871,3912
387,WARANGAL,37028,27097,105761,169886,14903,13087,51168,79158,74653,23327,23788,81895,129010,609933,581002,2096914,3287849,2027274,1105,1210,3202,5517
388,Warangal (Urban),12593,1721,32941,47255,6498,1073,18721,26292,26440,10124,1915,30297,42336,280032,55622,825206,1160860,784376,554,193,1587,2334
389,Yadadri,32642,11940,114670,159252,13421,5779,43931,63131,63410,18185,9252,58978,86415,470195,220320,1522212,2212727,1699734,609,395,1671,2675
390,Gomati,14102,42856,32277,89235,12737,39668,27978,80383,57869,18226,58187,38136,114549,735612,3043601,1535350,5314563,2711150,652,7551,1189,9392
391,Khowai,13420,33135,20935,67490,12474,31293,18937,62704,35073,15090,37952,23325,76367,640069,1974287,945376,3559732,1581184,42,2270,181,2493
392,NORTH TRIPURA,11225,21543,34812,67580,9937,20081,30457,60475,40590,14901,32377,43990,91268,532557,1501149,1587181,3620887,1550143,616,5032,1667,7315
393,Sepahijala,14890,24417,45299,84606,13168,21791,36639,71598,49576,19205,31845,51038,102088,752282,1533578,2046558,4332418,2115146,681,2686,2328,5695
394,SOUTH TRIPURA,13299,32364,45166,90829,12147,30200,40222,82569,52642,16249,42743,53871,112863,703562,1818808,2256422,4778792,2200393,252,1236,539,2027
395,Unakoti,10074,12408,29841,52323,8701,10905,24159,43765,27812,12054,17453,32154,61661,456567,762364,1117779,2336710,1040067,251,2188,564,3003
396,WEST TRIPURA,19140,35916,39357,94413,16863,32938,33648,83449,51487,20163,40595,40189,100947,577940,1777472,1173706,3529118,1753703,39,832,112,983
397,ALIGARH,54280,247,132910,187437,18816,87,42710,61613,16398,21022,93,47608,68723,744674,2804,1589865,2337343,567326,236,0,463,699
398,AMBEDKAR NAGAR,94255,707,153207,248169,25243,182,42218,67643,32309,30364,204,49499,80067,1086740,7364,1961298,3055402,1212178,446,0,706,1152
399,AMETHI,59340,633,167168,227141,17534,233,49830,67597,30655,21822,319,65646,87787,806007,12087,2464993,3283087,1100779,467,3,1114,1584
400,AMROHA,41753,44,111585,153382,18373,11,45546,63930,21666,24821,14,60600,85435,625460,430,1686788,2312678,558818,192,0,619,811
401,AURAIYA,59444,810,74317,134571,15405,147,19499,35051,11215,17716,166,21848,39730,559815,6227,766429,1332471,374013,253,4,272,529
402,AYODHYA,80169,383,149882,230434,29498,128,46556,76182,36773,34400,144,53881,88425,1387765,6289,2296625,3690679,1464622,871,2,1353,2226
403,AZAMGARH,176333,700,284486,461519,61080,310,97981,159371,68433,65163,321,103751,169235,2557782,14949,4035601,6608332,2721431,396,2,651,1049
404,BAGHPAT,8199,12,23854,32065,687,2,1433,2122,802,829,2,1636,2467,25619,45,50238,75902,23024,15,0,16,31
405,BAHRAICH,83481,2256,347221,432958,20788,776,110809,132373,58836,26818,1030,137798,165646,1010917,39689,5528526,6579132,2233300,516,10,2100,2626
406,BALLIA,44450,5855,238396,288701,12023,1737,69547,83307,35670,13414,1893,78035,93342,495692,76109,3025570,3597371,1376908,73,13,466,552
407,BALRAMPUR,31538,3043,153758,188339,13201,1186,58768,73155,26861,15330,1345,65859,82534,744708,56555,3222050,4023313,1237125,638,23,2674,3335
408,BANDA,58668,170,157373,216211,17448,38,54399,71885,46684,27393,53,79316,106762,880756,1896,2874709,3757361,1599898,1564,4,4562,6130
409,BARABANKI,160341,243,280991,441575,40640,53,62588,103281,37207,50009,63,75207,125279,2015819,2542,3165382,5183743,1425315,1641,2,1830,3473
410,BAREILLY,61199,88,194002,255289,20162,23,58740,78925,17767,24552,27,70400,94979,704845,780,2106955,2812580,476413,332,0,1052,1384
411,BASTI,80296,180,282857,363333,35747,82,121546,157375,83172,44028,95,142527,186650,1838886,3724,6118415,7961025,3510852,938,1,2669,3608
412,BIJNOR,84334,622,121179,206135,40451,231,48891,89573,32835,51792,269,60303,112364,995118,6809,1337059,2338986,649684,338,0,540,878
413,BUDAUN,51829,120,201299,253248,16765,68,67183,84016,18995,18951,72,74064,93087,761797,3432,3199485,3964714,752302,392,2,1590,1984
414,BULANDSHAHR,28607,5,78608,107220,3050,2,9403,12455,3610,3411,2,10515,13928,61347,13,195229,256589,68674,29,0,109,138
415,CHANDAULI,66602,1199,164499,232300,19723,252,43180,63155,31752,27453,376,60756,88585,927896,12769,2076897,3017562,1005677,471,8,831,1310
416,CHITRAKOOT,55718,3,71065,126786,24967,2,29583,54552,36599,39236,3,43328,82567,1301675,182,1650837,2952694,1248642,1686,0,1921,3607
417,DEORIA,66940,6348,162446,235734,20760,2164,50827,73751,27653,22013,2303,53410,77726,1003968,108592,2411319,3523879,1228948,283,42,594,919
418,ETAH,49770,21,103060,152851,9237,5,31277,40519,12459,10745,6,36023,46774,434829,373,1531027,1966229,540070,251,1,576,828
419,ETAWAH,58940,206,85778,144924,16541,68,25999,42608,11544,18617,79,29171,47867,731093,3820,1148353,1883266,420901,583,10,787,1380
420,FARRUKHABAD,24498,140,126419,151057,4745,29,34149,38923,10439,5247,29,38597,43873,180283,1114,1387594,1568991,370969,5,0,26,31
421,FATEHPUR,110628,38,159534,270200,34680,12,52205,86897,38424,40896,13,58847,99756,1740021,539,2780217,4520777,1708558,1112,1,1711,2824
422,FIROZABAD,52274,179,85389,137842,18394,61,25828,44283,16793,20867,65,29843,50775,925969,2488,1212021,2140478,733250,503,1,653,1157
423,GAUTAM BUDDHA NAGAR,2096,23,5754,7873,209,13,344,566,138,235,14,393,642,4117,432,8449,12998,2570,0,0,0,0
424,GHAZIABAD,5462,88,11845,17395,0,0,0,0,0,0,0,0,0,0,0,0,0,0,0,0,0,0
425,GHAZIPUR,84177,1958,252798,338933,27079,624,75483,103186,44400,32464,737,88363,121564,1123104,29656,3303662,4456422,1626531,478,15,1572,2065
426,GONDA,66359,630,253889,320878,23686,267,98093,122046,48649,25715,287,104354,130356,1243524,14214,4925960,6183698,2279360,528,13,1497,2038
427,GORAKHPUR,103944,1129,270936,376009,24974,284,69580,94838,41900,27557,310,76866,104733,1105959,11345,3163754,4281058,1656714,258,2,905,1165
428,HAMIRPUR,43090,64,120426,163580,13123,24,43620,56767,34501,19784,34,64164,83982,670614,1156,2381126,3052896,1190614,590,1,2190,2781
429,HAPUR,4513,11,7581,12105,1777,1,2253,4031,1497,1984,1,2457,4442,67587,7,69284,136878,49550,63,0,69,132
430,HARDOI,229793,557,344153,574503,54776,126,96454,151356,37439,59650,152,105969,165771,2852718,7390,5118159,7978267,1718115,1249,0,2015,3264
431,HATHRAS,20498,61,53634,74193,6770,31,15531,22332,3679,7882,31,17870,25783,228580,845,516760,746185,96216,194,0,389,583
432,JALAUN,67834,307,140120,208261,27107,96,54737,81940,47994,43046,145,84492,127683,1286318,4018,2753658,4043994,1445468,468,1,936,1405
433,JAUNPUR,158926,2998,235585,397509,47470,716,79119,127305,58987,50972,771,83380,135123,2514357,35806,3985555,6535718,2922863,1625,20,2065,3710
434,JHANSI,64182,1551,123175,188908,18713,531,39063,58307,33158,27826,786,55912,84524,1119812,35084,2373368,3528264,1285765,1824,76,3936,5836
435,KANNAUJ,55204,50,92871,148125,15844,17,29045,44906,10594,18285,21,33478,51784,557741,675,1218647,1777063,389038,138,0,232,370
436,KANPUR DEHAT,79160,1903,135499,216562,16803,274,28502,45579,14450,20192,353,33247,53792,750552,12335,1278530,2041417,498813,404,6,620,1030
437,KANPUR NAGAR,79625,4037,114174,197836,11726,531,17569,29826,8517,14145,626,20669,35440,497417,23439,751845,1272701,262944,164,7,232,403
438,KASHGANJ,24591,88,104111,128790,8004,26,31405,39435,11887,9950,33,38066,48049,363076,1672,1432349,1797097,464606,395,6,1758,2159
439,KAUSHAMBI,107953,81,99980,208014,21182,17,19561,40760,22023,27031,19,23761,50811,939733,656,939279,1879668,782595,425,0,354,779
440,KHERI,183272,8842,333067,525181,49353,1863,92178,143394,47113,60931,2215,114994,178140,2030831,60673,4142348,6233852,1566094,1002,18,1723,2743
441,KUSHI NAGAR,114694,698,259637,375029,34039,170,85110,119319,50748,41147,195,100819,142161,1618770,7998,3968219,5594987,1909624,632,6,1324,1962
442,LALITPUR,40113,12516,125909,178538,18277,5402,52445,76124,43533,26840,7662,74210,108712,945784,279994,2848116,4073894,1480668,1757,518,5073,7348
443,LUCKNOW,106455,590,65883,172928,23045,90,11958,35093,11056,27549,107,13994,41650,1000330,3744,556763,1560837,396562,825,8,439,1272
444,MAHARAJGANJ,75733,1877,262615,340225,36468,718,111297,148483,75454,46410,927,140993,188330,1687712,31272,5048194,6767178,2638373,908,16,2643,3567
445,MAHOBA,26063,139,73269,99471,5764,27,18909,24700,16092,9251,41,30161,39453,276195,1308,955227,1232730,459437,465,4,1653,2122
446,MAINPURI,47619,170,112828,160617,16484,63,36599,53146,17601,19628,79,43699,63406,741790,2622,1694207,2438619,649188,311,0,777,1088
447,MATHURA,45800,373,78414,124587,11456,91,22943,34490,16853,16218,125,30354,46697,484966,3476,990660,1479102,501996,215,2,421,638
448,MAU,68386,1471,177396,247253,26014,708,65376,92098,45035,29475,786,72319,102580,1232751,35798,3172161,4440710,1964566,465,16,1361,1842
449,MEERUT,21487,65,29284,50836,5246,5,6311,11562,4401,6034,6,7261,13301,264819,166,286260,551245,195984,161,0,220,381
450,MIRZAPUR,127989,3713,172257,303959,31727,741,40278,72746,44060,44398,996,53432,98826,1464194,36346,2008118,3508658,1547280,574,7,468,1049
451,MORADABAD,32150,58,116569,148777,12728,20,39912,52660,18780,15931,25,48747,64703,496639,818,1630722,2128179,619194,172,0,725,897
452,MUZAFFARNAGAR,21632,185,54070,75887,4360,22,11120,15502,4744,4711,22,11593,16326,192503,976,480029,673508,184973,104,1,334,439
453,PILIBHIT,54557,502,223641,278700,16622,170,70020,86812,22273,20928,231,87141,108300,604015,6633,2549640,3160288,617050,249,0,923,1172
454,PRATAPGARH,157766,489,198746,357001,54423,145,63983,118551,58425,67203,152,72958,140313,2518611,5411,2907240,5431262,2338851,1866,0,1342,3208
455,PRAYAGRAJ,171240,120,199757,371117,45125,40,52318,97483,48406,57426,48,63231,120705,1975582,1704,2384460,4361746,1657939,1024,2,895,1921
456,RAE BARELI,94766,839,222923,318528,32574,231,65459,98264,45530,40262,275,78570,119107,1440081,9906,2983940,4433927,1611470,1623,10,3006,4639
457,RAMPUR,37731,243,120192,158166,12727,82,41141,53950,11076,14217,86,45301,59604,535063,3463,1903269,2441795,442252,142,2,563,707
458,SAHARANPUR,54105,226,63574,117905,19821,98,22104,42023,19274,23822,112,26078,50012,491484,3112,654080,1148676,378111,139,1,185,325
459,SAMBHAL,44550,29,112951,157530,19627,18,39774,59419,17242,24005,21,45914,69940,842185,745,1728358,2571288,598985,416,0,1070,1486
460,SANT KABEER NAGAR,94374,611,180366,275351,32797,179,67184,100160,51668,38676,230,85694,124600,1590026,8416,3326305,4924747,2125532,601,4,1446,2051
461,SANT RAVIDAS NAGAR,50697,488,79888,131073,13590,159,17853,31602,17409,17378,197,22134,39709,594825,8921,764955,1368701,596562,351,6,432,789
462,SHAHJAHANPUR,95661,90,217217,312968,25564,33,61046,86643,19384,30989,42,72398,103429,1016269,1270,2436279,3453818,618527,474,0,976,1450
463,SHAMLI,4800,19,28972,33791,938,5,7853,8796,2650,1016,6,8446,9468,30198,115,282438,312751,89300,3,0,120,123
464,SHRAVASTI,41744,727,84833,127304,13534,234,28271,42039,18235,17590,295,35815,53700,730874,13126,1424527,2168527,690775,696,18,1218,1932
465,SIDDHARTH NAGAR,73983,464,294887,369334,35087,206,140311,175604,96718,40929,223,155882,197034,1731669,10388,6607174,8349231,4111059,841,6,2361,3208
466,SITAPUR,261166,857,377869,639892,73505,243,120213,193961,78669,100557,324,158232,259113,3387771,11420,5931682,9330873,2583532,1294,1,2090,3385
467,SONBHADRA,99917,88303,151902,340122,26325,29081,38428,93834,65102,38609,41431,55978,136018,1090609,1184629,1703944,3979182,1846552,432,684,937,2053
468,SULTANPUR,80111,645,212424,293180,19807,197,60769,80773,35088,22136,224,67734,90094,959207,9923,3137036,4106166,1625809,575,4,1500,2079
469,UNNAO,134134,1372,236144,371650,29166,213,56885,86264,27571,33382,266,63774,97422,1302954,10005,2750529,4063488,1091783,1270,6,2796,4072
470,VARANASI,48101,456,106045,154602,13979,133,22112,36224,22756,18016,177,28213,46406,487780,5915,813411,1307106,650272,137,0,237,374
471,BAGESHWAR,11070,305,33728,45103,4642,90,13757,18489,13452,6425,127,18349,24901,201725,3802,601428,806955,439857,252,7,858,1117
472,CHAMOLI,11434,1312,59906,72652,9451,764,47441,57656,45437,12466,956,59314,72736,426913,34269,2134458,2595640,1660244,379,53,1761,2193
473,CHAMPAWAT,5311,74,26757,32142,2455,24,12986,15465,9225,3051,32,16818,19901,107843,1258,575476,684577,323508,151,0,905,1056
474,DEHRADUN,12264,17797,29386,59447,5138,8731,8928,22797,9726,6246,10533,11954,28733,192199,348359,419530,960088,325092,210,285,630,1125
475,HARIDWAR,58010,639,115607,174256,6963,22,20729,27714,12895,8810,28,25473,34311,337124,1035,935576,1273735,460717,280,0,610,890
476,NAINITAL,12020,318,43271,55609,3783,67,16109,19959,14043,6194,101,25696,31991,158441,1889,696706,857036,366154,141,1,802,944
477,PAURI GARHWAL,11814,65,86099,97978,8088,37,55334,63459,52850,10287,49,67414,77750,298709,1229,2055660,2355598,1647884,156,0,1309,1465
478,PITHORAGARH,13588,2103,50721,66412,7981,1211,30186,39378,32083,13293,1932,48497,63722,388571,44987,1467739,1901297,946542,678,57,2723,3458
479,RUDRA PRAYAG,7842,9,40855,48706,4284,6,21001,25291,20652,6432,9,26969,33410,232564,394,1076161,1309119,820482,523,2,2099,2624
480,TEHRI GARHWAL,14683,168,138696,153547,10097,83,84334,94514,78351,11811,106,95331,107248,300678,2958,2545773,2849409,2086727,72,6,632,710
481,UDAM SINGH NAGAR,17155,17954,68561,103670,4698,7558,19816,32072,22034,6650,10448,27052,44150,182245,225364,831367,1238976,574846,199,237,925,1361
482,UTTAR KASHI,14330,576,68392,83298,9892,260,45909,56061,43048,14353,384,66116,80853,470311,11245,2240584,2722140,1421833,615,4,3345,3964
483,BANKURA,247942,75445,295265,618652,140785,42686,119268,302739,241367,257836,76265,198677,532778,6936707,2087151,4860447,13884305,6729011,10885,2923,6182,19990
484,BIRBHUM,248634,56144,423282,728060,151426,32107,202913,386446,243857,231598,47221,309905,588724,6546300,1354226,8551344,16451870,6754184,4919,1036,7211,13166
485,COOCHBEHAR,349023,5073,288237,642333,177420,2679,156397,336496,266301,238185,3578,217556,459319,7856124,106680,7167299,15130103,9565943,4526,18,4217,8761
486,DAKSHIN DINAJPUR,76928,43822,157482,278232,21191,14084,47202,82477,62156,32891,21244,78102,132237,1146558,690044,2498848,4335450,2130130,2787,1061,5305,9153
487,GORKHALAND TERRITORIAL ADMINISTRATION (GTA),10312,43322,77782,131416,6895,29788,52979,89662,57655,8532,37836,67353,113721,414259,1898074,3384914,5697247,2928097,444,2555,4356,7355
488,HOOGHLY,296267,58692,392330,747289,201122,38947,199918,439987,262770,299014,56741,258001,613756,8572302,1523857,7654583,17750742,7865585,8941,1490,7242,17673
489,HOWRAH,58875,753,226225,285853,22391,328,82281,105000,62499,28511,423,97425,126359,1069530,15189,4266714,5351433,2939220,1690,21,5897,7608
490,JALPAIGURI,168660,62001,204941,435602,112048,42916,132659,287623,186011,151959,58710,181612,392281,4882467,2035114,6015667,12933248,6131284,3788,1771,4247,9806
491,JHARGRAM,52802,75328,119399,247529,27289,41349,57051,125689,81654,40983,65200,85023,191206,1191472,1983314,2481809,5656595,2306893,1371,3112,3505,7988
492,KALIMPONG,4096,18505,34593,57194,3106,14869,27106,45081,34192,4347,22104,40103,66554,261941,1309340,2371409,3942690,2058890,877,5138,8852,14867
493,MALDAH,137756,48551,602525,788832,63784,22221,228134,314139,231273,94092,32581,306486,433159,3391759,1186572,11942112,16520443,9821572,4270,1618,7894,13782
494,MURSHIDABAD,147211,20315,1086016,1253542,46943,7249,228449,282641,126743,56948,8613,292184,357745,2858934,469484,12682685,16011103,5246035,1237,238,8873,10348
495,NADIA,159335,15743,552693,727771,39146,5029,121382,165557,100500,51788,6853,170052,228693,1695712,229504,5431795,7357011,3286371,1519,150,5360,7029
496,NORTH 24 PARGANAS,228471,37341,493488,759300,76323,14150,152035,242508,178105,105026,19591,200546,325163,4633607,837872,8940158,14411637,8794586,11842,1970,24205,38017
497,PASCHIM BARDHAMAN,59274,16415,61434,137123,32471,8530,18466,59467,42484,49201,12467,24942,86610,1731314,486122,793574,3011010,1541476,2964,951,704,4619
498,PASCHIM MEDINIPUR,164675,101640,498146,764461,95508,51237,244671,391416,277967,167312,86980,388711,643003,5172819,2446805,12474130,20093754,8982549,12943,3925,27211,44079
499,PURBA BARDHAMAN,312292,66387,537692,916371,208763,40690,285028,534481,295248,288649,57934,380593,727176,8103441,1671025,10371319,20145785,8332772,6797,1691,8023,16511
500,PURBA MEDINIPUR,111991,4849,699676,816516,47373,1395,270916,319684,258394,76232,2090,422749,501071,2557537,70443,14184743,16812723,8650190,3607,85,22536,26228
501,PURULIA,109319,115384,302888,527591,43789,50738,108926,203453,160851,72634,82821,187404,342859,2513352,2863134,6352264,11728750,5528320,3937,4112,10179,18228
502,SILIGURI MAHAKUMA PARISAD,45464,26947,27079,99490,12150,8659,7953,28762,20988,15010,10957,9709,35676,618278,424924,341960,1385162,872409,1734,929,681,3344
503,SOUTH 24 PARGANAS,221338,9961,946566,1177865,79023,4266,271490,354779,226266,120466,6542,399222,526230,5489422,310662,18578234,24378318,10130771,10284,624,27427,38335
504,UTTAR DINAJPUR,138703,23119,341526,503348,34209,4481,93835,132525,102599,54748,6887,150605,212240,1989627,247591,5369707,7606925,3889315,4426,445,8586,13457
505,ARWAL,27329,188,103882,131399,5988,56,37110,43154,22856,7568,71,41561,49200,263321,2835,1633011,1899167,888353,30,0,87,117
506,AURANAGABAD,161984,405,257982,420371,34968,265,69704,104937,54842,40425,280,77505,118210,1767271,14544,3445100,5226915,2488913,699,15,1322,2036
507,BANKA,54945,26129,307672,388746,13220,5933,91779,110932,71967,15654,6918,105867,128439,579634,249271,3743735,4572640,2538411,51,15,434,500
508,BEGUSARAI,76792,452,346892,424136,5879,102,69247,75228,54651,6767,117,79206,86090,222570,3797,2935219,3161586,1984656,15,0,161,176
509,BHAGALPUR,56903,12786,441722,511411,6915,2211,91994,101120,64942,11333,4307,122901,138541,327633,104422,4052715,4484770,2207449,43,6,712,761
510,BHOJPUR,119891,4361,290634,414886,9553,702,39997,50252,25882,11563,782,46664,59009,396310,27611,1555517,1979438,914777,33,0,95,128
511,BUXAR,81600,6843,203090,291533,8724,947,32612,42283,17231,9453,989,33855,44297,348627,38456,1313248,1700331,681697,47,3,181,231
512,DARBHANGA,138804,365,567316,706485,16711,159,144052,160922,109200,20951,177,162592,183720,691998,6303,5594357,6292658,3858303,20,1,183,204
513,GAYAJI,334927,4207,332584,671718,45958,924,68957,115839,70757,48681,1011,72840,122532,1904934,41444,2744074,4690452,2738228,236,10,376,622
514,GOPALGANJ,64428,13722,284015,362165,5646,1459,41604,48709,23322,6167,1586,44011,51764,220280,57467,1611287,1889034,856027,11,3,66,80
515,JAMUI,73286,25306,245591,344183,15107,5323,76115,96545,63719,18972,6358,91489,116819,740447,255886,3597712,4594045,2578544,180,58,706,944
516,JEHANABAD,47881,183,121596,169660,12818,72,37535,50425,33906,18943,82,53706,72731,665014,3203,1855998,2524215,1197009,150,1,481,632
517,KAIMUR (BHABUA),83153,8613,154160,245926,11725,2526,33438,47689,26290,14211,3157,39205,56573,517278,110478,1486885,2114641,1014208,47,22,199,268
518,KATIHAR,77700,36185,490500,604385,7362,2891,98507,108760,73322,8771,3335,110091,122197,294081,114076,3910240,4318397,2662186,41,4,250,295
519,KHAGARIA,46999,152,187174,234325,2640,26,30775,33441,24370,2795,26,32140,34961,92122,684,1017075,1109881,767317,1,0,20,21
520,KISHANGANJ,25566,13245,260846,299657,3882,1652,62111,67645,42336,4969,2009,72947,79925,187975,77193,2801193,3066361,1644476,53,33,1109,1195
521,LAKHISARAI,44366,2097,155354,201817,9037,632,39377,49046,29662,10002,702,43183,53887,366178,28809,1640481,2035468,1142609,36,5,140,181
522,MADHEPURA,86248,4179,343661,434088,16069,1045,109018,126132,81396,19739,1229,131511,152479,726155,48897,5013095,5788147,3139731,88,11,925,1024
523,MADHUBANI,120002,2163,549725,671890,10477,287,119193,129957,90415,11866,316,128011,140193,407494,14133,4534606,4956233,3248881,53,1,295,349
524,MUNGER,35172,6596,197859,239627,5622,1151,43630,50403,29820,6538,1311,49685,57534,271625,57020,1975630,2304275,1222707,33,8,273,314
525,MUZAFFARPUR,144974,2119,591786,738879,12444,357,108224,121025,80255,16065,407,131158,147630,459389,12983,3864847,4337219,2357033,79,1,427,507
526,NALANDA,152706,579,285149,438434,20504,76,45190,65770,41646,22646,85,49403,72134,1031696,3737,2171473,3206906,1895340,296,1,553,850
527,NAWADA,142359,2422,338678,483459,24293,447,61291,86031,52467,28608,556,77286,106450,1015357,16029,2561693,3593079,1924461,272,0,597,869
528,PASHCHIM CHAMPARAN,91446,29598,451150,572194,6712,5029,65334,77075,52965,8190,5657,79826,93673,229867,179163,2457138,2866168,1740169,10,1,37,48
529,PATNA,148930,2830,481648,633408,17529,419,64404,82352,47681,19138,442,68730,88310,769776,16490,2531268,3317534,1830440,84,1,409,494
530,PURBI CHAMPARAN,125990,2093,674659,802742,12900,516,130991,144407,86472,14091,558,140770,155419,526300,22285,5685670,6234255,3598665,45,2,618,665
531,PURNIA,85344,19797,463661,568802,11154,2854,105473,119481,79485,12496,3113,113723,129332,453419,120969,3972245,4546633,2863995,76,8,429,513
532,ROHTAS,119530,5999,280822,406351,15829,1410,42624,59863,29449,18893,1860,47933,68686,611088,60395,1627664,2299147,1035398,41,7,94,142
533,SAHARSA,76828,1148,330190,408166,16766,251,118679,135696,88238,19663,303,135601,155567,762456,11129,5511435,6285020,3658877,79,0,632,711
534,SAMASTIPUR,166104,2409,563995,732508,25800,478,152015,178293,117563,30303,546,169926,200775,1229003,23555,6730662,7983220,4767942,188,3,808,999
535,SARAN,135292,6773,498499,640564,19140,1528,100384,121052,61113,19259,1532,101165,121956,1057811,88712,5272048,6418571,3132131,554,37,2283,2874
536,Sheikhpura,37660,82,73736,111478,4045,13,14852,18910,10445,4462,14,15892,20368,182504,617,708980,892101,453719,27,0,145,172
537,SHEOHAR,16808,28,95426,112262,2805,10,30289,33104,22840,4085,14,39415,43514,122621,436,1265855,1388912,745652,2,0,56,58
538,SITAMARHI,102576,1459,492587,596622,10867,379,99899,111145,70010,12893,431,112444,125768,382065,15327,3612767,4010159,2282003,16,2,207,225
539,SIWAN,60375,13748,271050,345173,6257,1828,33546,41631,20726,6645,1959,35196,43800,279169,84991,1533386,1897546,903715,36,8,278,322
540,SUPAUL,89543,1909,297864,389316,13418,367,66100,79885,57237,17146,457,83918,101521,556074,15037,2782133,3353244,1990700,41,1,226,268
541,VAISHALI,192335,2942,504574,699851,18082,350,96729,115161,74786,18437,356,97836,116629,792448,15065,3938082,4745595,3134844,46,0,202,248
542,NORTH AND MIDDLE ANDAMAN,0,0,18208,18208,0,0,4100,4100,2845,0,0,5045,5045,0,0,177265,177265,105714,0,0,322,322
543,SOUTH ANDAMAN,0,0,9501,9501,0,0,1702,1702,1177,0,0,1838,1838,0,0,42494,42494,25140,0,0,3,3
544,PONDICHERRY,13408,88,39516,53012,7359,40,20755,28154,26752,8351,42,22634,31027,145624,640,391758,538022,466956,3,0,0,3
545,BALODA BAZAR,34087,26480,115788,176355,23940,18092,78058,120090,130014,53998,37347,166409,257754,1118654,921906,3402213,5442773,2789321,2374,2275,6346,10995
546,BALRAMPUR,4204,65064,52274,121542,2967,45309,34078,82354,66428,5534,82328,59205,147067,186856,2883777,1953459,5024092,2166457,684,10678,6096,17458
547,BASTAR,1907,66954,33790,102651,666,29476,12464,42606,34283,1085,48893,18375,68353,32574,1572416,626118,2231108,1079482,103,4957,1678,6738
548,BEMETARA,18849,5161,138816,162826,9589,2678,66829,79096,72300,18291,5041,125373,148705,445906,135971,2860847,3442724,1661017,867,312,4912,6091
549,BIJAPUR,1859,26861,7909,36629,1376,22407,6440,30223,35911,3320,53527,15477,72324,94617,1644655,462271,2201543,1066379,365,6846,1932,9143
550,BILASPUR,33864,71885,134498,240247,17849,47309,72487,137645,127165,34373,87478,133291,255142,1063858,3143454,4266718,8474030,4266728,3644,12141,14544,30329
551,DANTEWADA,1301,30038,7642,38981,761,20944,4557,26262,24429,1276,40741,8074,50091,42089,1391862,261061,1695012,804283,136,5386,873,6395
552,DHAMTARI,9203,46476,97528,153207,7482,37545,81744,126771,125984,14496,70832,155043,240371,329161,2177217,3478930,5985308,3143167,704,6910,6489,14103
553,DURG,12152,6703,91565,110420,7764,4645,61546,73955,71322,12253,6836,94225,113314,354101,218722,2803929,3376752,2237435,574,402,4607,5583
554,GARIYABAND,11730,50694,73964,136388,8619,40058,55777,104454,104603,16825,80661,111204,208690,456606,2621054,3017320,6094980,3078696,1283,9641,9045,19969
555,JANJGIR-CHAMPA,68496,35054,163314,266864,32068,17539,69905,119512,111110,60456,32243,129182,221881,1259689,795260,2818647,4873596,2476596,2459,2048,6103,10610
556,JASHPUR,6723,83275,69426,159424,3357,44820,37675,85852,69071,5941,80773,66957,153671,205413,2727910,2413245,5346568,2267228,739,9779,9506,20024
557,KANKER,5538,75977,59248,140763,3696,56256,32886,92838,83718,6380,102655,55326,164361,238677,4176503,2037741,6452921,3372123,841,17033,6988,24862
558,KAWARDHA,18915,33447,119707,172069,14026,28807,95860,138693,140876,29447,59191,202021,290659,805405,2016062,5608238,8429705,4083508,2910,8000,18063,28973
559,KONDAGAON,3840,70619,21670,96129,1750,36845,9418,48013,47455,3274,71822,17424,92520,81609,1916878,434990,2433477,1224035,215,5772,1164,7151
560,KORBA,8538,59861,78902,147301,4010,32255,36721,72986,66953,7730,61808,69350,138888,180411,1617972,1665964,3464347,1672557,441,4536,3846,8823
561,KOREA,5134,57352,48857,111343,3708,45464,34419,83591,66421,6610,79646,57059,143315,232641,3039567,2096723,5368931,2393958,817,11674,7354,19845
562,MAHASAMUND,23032,51097,133861,207990,11961,27492,70306,109759,104311,23451,54066,137737,215254,554418,1468658,3686095,5709171,2773528,1533,4786,11550,17869
563,MUNGELI,29427,11349,91993,132769,16234,6536,48489,71259,67357,33087,12781,95817,141685,906090,371389,2798348,4075827,1925097,3036,1197,9812,14045
564,NARAYANPUR,473,18386,3013,21872,292,12870,1968,15130,16643,611,28543,4352,33506,14751,702128,102340,819219,413845,45,2272,317,2634
565,RAIGARH,35059,87260,108741,231060,13236,35444,39977,88657,66535,22376,59511,67376,149263,508275,1439525,1635457,3583257,1524899,593,2572,2415,5580
566,RAIPUR,39196,10062,140083,189341,23534,6471,89071,119076,118902,45945,12160,162752,220857,1108948,356142,4523678,5988768,3427611,2088,926,10114,13128
567,RAJNANDAGON,17738,61421,183794,262953,15045,56129,157904,229078,227969,25653,107848,267926,401427,870833,4180588,9584471,14635892,8848616,2288,16115,27030,45433
568,SUKMA,651,46429,7009,54089,547,39928,5989,46464,55952,1291,97293,13918,112502,33363,2963683,395427,3392473,1688839,129,13229,1689,15047
569,SURAJPUR,6248,65144,70317,141709,4654,49658,52209,106521,82983,8309,88799,87701,184809,303488,3424616,3381832,7109936,2953105,1249,14845,13670,29764
570,SURGUJA,5546,75874,56759,138179,2902,42388,28386,73676,51870,4872,72355,44268,121495,151152,2278186,1406088,3835426,1506123,450,6718,3402,10570
571,SOUTH GOA,108,8811,6003,14922,4,514,207,725,568,4,532,210,746,40,10821,5425,16286,11974,0,0,0,0
572,AMRELI,17586,358,81200,99144,2286,94,11772,14152,17341,5665,249,29474,35388,118302,4137,580029,702468,354391,71,1,299,371
573,ANAND,10880,3535,179279,193694,294,77,7110,7481,4791,489,111,9995,10595,10396,2397,256327,269120,112804,3,0,51,54
574,ARVALLI,6511,38982,76069,121562,1570,9912,25035,36517,26403,2435,15850,40238,58523,51320,347793,911442,1310555,570979,6,140,143,289
575,BANAS KANTHA,22075,16834,116588,155497,6233,3943,26023,36199,23871,9737,6237,39267,55241,283330,151300,1121495,1556125,666988,91,16,348,455
576,BHARUCH,5903,76409,28251,110563,271,4680,1351,6302,4191,373,6706,2161,9240,12803,210953,71852,295608,132913,14,93,41,148
577,BHAVNAGAR,3485,471,64086,68042,760,91,17477,18328,21813,1979,221,41632,43832,39538,4030,868457,912025,459955,17,1,323,341
578,Botad,2198,57,44917,47172,241,7,9218,9466,10029,563,13,20399,20975,9864,144,344731,354739,167691,5,0,52,57
579,Chhotaudepur,6174,165612,33200,204986,1018,40928,9415,51361,32857,1626,67297,13311,82234,49968,1980182,461937,2492087,952746,24,792,143,959
580,DANG,47,45512,1218,46777,20,17102,466,17588,13078,22,27162,721,27905,685,871647,22508,894840,399371,0,361,11,372
581,DEVBHUMI DWARKA,3147,1017,40400,44564,595,157,5647,6399,4428,1090,280,9689,11059,27106,5056,256145,288307,104210,12,0,81,93
582,DOHAD,4144,274222,140854,419220,1153,78772,45705,125630,95920,2107,136272,74577,212956,53642,3541087,2217400,5812129,2612792,10,376,352,738
583,GANDHINAGAR,1475,103,38491,40069,236,6,8413,8655,5324,302,9,11790,12101,7194,210,336921,344325,135294,0,0,102,102
584,GIR SOMNATH,5209,1389,37174,43772,676,78,5806,6560,7865,1418,154,12098,13670,26798,2887,205072,234757,140117,3,0,13,16
585,JAMNAGAR,5345,400,35452,41197,1404,54,9536,10994,9445,2974,130,18902,22006,76776,2839,491750,571365,247364,61,0,426,487
586,JUNAGADH,18803,5245,70193,94241,3972,796,7578,12346,13289,9524,1859,17292,28675,166644,34843,301564,503051,236058,14,6,79,99
587,KACHCHH,4210,170,64218,68598,1552,45,33887,35484,25883,2457,68,52019,54544,88027,2320,2021249,2111596,1016263,141,3,2565,2709
588,KHEDA,2805,766,102258,105829,126,52,9517,9695,4150,168,77,12764,13009,4875,1841,346182,352898,95088,0,0,23,23
589,MAHESANA,9615,60,67955,77630,818,3,13272,14093,6786,1274,4,17609,18887,41025,149,679178,720352,244631,13,0,521,534
590,MAHISAGAR,5982,45677,73377,125036,1197,9452,16840,27489,18762,1931,16201,27296,45428,52218,359848,730863,1142929,451339,19,44,132,195
591,Morbi,1850,154,31777,33781,269,14,2800,3083,2951,516,36,5974,6526,14284,874,146748,161906,75082,22,1,167,190
592,NARMADA,2840,108180,12091,123111,1161,60751,3925,65837,55615,1976,101698,6182,109856,53551,2579830,162980,2796361,1456445,16,1578,66,1660
593,NAVSARI,1625,99551,28710,129886,267,15510,14000,29777,24261,298,18384,14309,32991,8207,584000,344718,936925,643792,0,33,7,40
594,PANCH MAHALS,8188,41026,150566,199780,2581,13804,52582,68967,41586,3869,19896,78281,102046,127147,664225,2538742,3330114,1298368,36,140,455,631
595,PATAN,22405,5242,177428,205075,2058,370,19417,21845,14901,3376,609,31904,35889,82683,14724,733635,831042,336229,27,9,308,344
596,PORBANDAR,4179,1010,26431,31620,1307,191,4183,5681,5375,2286,321,7039,9646,61511,9861,195607,266979,157225,9,6,60,75
597,RAJKOT,7386,760,109768,117914,594,28,7891,8513,8816,1368,80,17267,18715,28068,1587,383297,412952,194073,5,0,91,96
598,SABAR KANTHA,17550,39303,61075,117928,5649,9874,15042,30565,23355,8779,15471,23403,47653,252007,367838,679642,1299487,637874,111,10,316,437
599,SURAT,4243,152946,18495,175684,249,24987,1602,26838,15479,315,32385,1890,34590,9570,894421,84644,988635,412985,0,219,275,494
600,SURENDRANAGAR,6112,1135,77569,84816,1013,225,20773,22011,15190,1962,389,36622,38973,44869,11889,936377,993135,361284,34,6,586,626
601,TAPI,1880,173663,12194,187737,227,39337,1917,41481,29057,419,50824,2667,53910,7751,881550,48857,938158,503791,0,77,2,79
602,VADODARA,13118,28372,63047,104537,320,915,4020,5255,2742,457,1220,5656,7333,13295,43263,171145,227703,79541,3,33,60,96
603,VALSAD,4505,168390,24270,197165,298,20165,3988,24451,18758,391,27166,4443,32000,15439,740288,95423,851150,499855,1,55,1,57
604,BHIWANI,28823,0,40969,69792,6887,0,6023,12910,9634,9622,0,8009,17631,186694,0,155778,342472,190310,36,0,36,72
605,CHARKI DADRI,8567,0,14262,22829,860,0,1299,2159,1198,1146,0,1776,2922,17123,0,31299,48422,20179,0,0,1,1
606,FARIDABAD,1369,0,2608,3977,250,0,692,942,411,272,0,745,1017,9019,0,30783,39802,13788,13,0,111,124
607,FATEHABAD,35381,0,22119,57500,24749,0,12755,37504,34982,41927,0,20474,62401,889903,0,446709,1336612,790121,422,0,196,618
608,GURUGRAM,5290,0,5223,10513,631,0,665,1296,688,726,0,735,1461,32243,0,35624,67867,30920,84,0,81,165
609,HISAR,45430,0,50087,95517,16751,0,12979,29730,25072,25981,0,19277,45258,477108,0,361856,838964,493316,141,0,78,219
610,JHAJJAR,18878,0,30807,49685,1524,0,2031,3555,2242,2065,0,2743,4808,53362,0,82178,135540,57835,5,0,10,15
611,JIND,26671,0,30298,56969,12304,0,10704,23008,16003,17207,0,14231,31438,384266,0,343900,728166,374257,108,0,125,233
612,KAITHAL,21411,0,23455,44866,7463,0,5942,13405,11381,10875,0,8297,19172,218427,0,199691,418118,257453,29,0,48,77
613,KARNAL,35869,0,35555,71424,14079,0,12318,26397,22551,20178,0,16980,37158,531617,0,448238,979855,590203,349,0,212,561
614,KURUKSHETRA,15450,0,31540,46990,2518,0,5151,7669,6214,3694,0,7231,10925,62565,0,126235,188800,107245,3,0,21,24
615,MAHENDRAGARH,10373,0,37792,48165,1120,0,5275,6395,3336,1451,0,6635,8086,51046,0,262890,313936,134259,18,0,140,158
616,MEWAT,4191,1,82329,86521,521,0,28488,29009,13996,666,0,33666,34332,28590,0,1538597,1567187,630317,19,0,973,992
617,PALWAL,5163,0,19152,24315,843,0,3397,4240,2122,1153,0,4438,5591,44463,0,187223,231686,87473,42,0,83,125
618,PANCHKULA,2879,0,10086,12965,737,0,2818,3555,940,981,0,3467,4448,29920,0,104268,134188,23355,57,0,101,158
619,PANIPAT,12887,0,15213,28100,2779,0,4110,6889,5101,4144,0,5889,10033,111696,0,181094,292790,139197,150,0,228,378
620,REWARI,17001,0,17074,34075,843,0,573,1416,926,1169,0,783,1952,23618,0,21888,45506,20855,13,0,18,31
621,ROHTAK,12455,0,12926,25381,3680,0,3040,6720,4842,5203,0,4307,9510,151311,0,145976,297287,151847,236,0,275,511
622,SIRSA,58955,0,50534,109489,17089,0,10534,27623,20392,23446,0,14588,38034,347546,0,220600,568146,305800,34,0,26,60
623,SONIPAT,11672,1,15972,27645,1710,0,2332,4042,2318,2298,0,2856,5154,62060,0,98132,160192,64687,52,0,71,123
624,YAMUNANAGAR,14932,0,20952,35884,1550,0,4040,5590,2223,2190,0,5640,7830,60402,0,187781,248183,60756,25,0,72,97
625,CHAMBA,23788,30531,68498,122817,17028,21944,47731,86703,62049,24644,29601,67860,122105,1179648,1605892,3204873,5990413,3100632,4845,7520,12820,25185
626,HAMIRPUR,22105,907,70234,93246,7645,211,19188,27044,23825,8917,251,22349,31517,322184,8270,759709,1090163,862140,590,12,1110,1712
627,KANGRA,59828,16069,185865,261762,22434,6065,60882,89381,72353,25496,6939,68241,100676,934736,257564,2347812,3540112,2652042,1634,485,3232,5351
628,KINNAUR,6715,11821,464,19000,4290,6836,273,11399,9805,6009,9524,412,15945,261869,417270,15017,694156,484640,680,1129,28,1837
629,KULLU,27886,2203,62519,92608,13354,450,29569,43373,35321,20505,644,45279,66428,576921,17057,1225168,1819146,1028092,1048,23,2060,3131
630,LAHUL AND SPITI,582,6123,8,6713,274,3016,3,3293,3016,393,4370,3,4766,8499,108369,44,116912,76325,5,90,0,95
631,MANDI,70881,3257,175948,250086,36642,1460,95723,133825,120239,48725,1825,126278,176828,1687422,61749,4535801,6284972,4598634,2952,91,7816,10859
632,SHIMLA,34373,362,90180,124915,14715,156,35242,50113,38324,22076,216,54548,76840,624493,7185,1440090,2071768,1097408,1059,22,2282,3363
633,SIRMAUR,27970,1734,55370,85074,10191,443,20296,30930,18924,14931,564,30218,45713,500165,20364,1019242,1539771,636241,1185,47,2650,3882
634,SOLAN,27210,2328,48532,78070,5772,418,10667,16857,11244,7786,539,14653,22978,245546,15073,463687,724306,349983,420,15,835,1270
635,UNA,18527,1580,47595,67702,7842,543,13460,21845,16873,8957,654,15377,24988,430905,27051,702578,1160534,834643,1075,56,1757,2888
636,BADGAM,37,1267,64400,65704,32,314,24352,24698,3028,32,406,28988,29426,909,9909,799782,810600,71028,0,0,140,140
637,BANDIPORA,16,4488,30431,34935,3,1814,8982,10799,3848,5,2403,12821,15229,163,86308,359415,445886,104832,0,14,49,63
638,BARAMULLA,34,3159,86930,90123,9,632,20615,21256,4456,10,831,27358,28199,182,12849,554371,567402,81092,0,2,61,63
639,DODA,7248,6004,71472,84724,5093,4507,52433,62033,42435,7550,7676,81395,96621,312006,291246,3163538,3766790,1526416,121,103,1846,2070
640,GANDERBAL,4,6078,27261,33343,1,2569,10176,12746,5233,1,3835,13807,17643,36,89074,334663,423773,121000,0,2,42,44
641,JAMMU,22761,5621,46738,75120,6207,1720,12270,20197,4231,7132,2370,14140,23642,219086,81695,422776,723557,123498,43,32,61,136
642,KARGIL,26,18609,290,18925,24,17855,267,18146,11391,24,17938,269,18231,1495,1071773,15748,1089016,677591,0,2,0,2
643,KATHUA,13799,5493,40968,60260,6484,2693,19685,28862,8575,8234,3675,25351,37260,250826,104347,726338,1081511,211360,114,49,203,366
644,KISHTWAR,2404,7643,53767,63814,1936,6735,43096,51767,21261,2322,7284,48054,57660,159420,567793,3564950,4292163,1510802,219,411,2249,2879
645,KULGAM,25,1088,49523,50636,8,314,24433,24755,15666,12,587,45921,46520,491,14489,1267861,1282841,400861,1,3,745,749
646,KUPWARA,26,2813,88003,90842,11,1727,45942,47680,27967,21,2801,79721,82543,575,81203,1972394,2054172,642200,0,12,295,307
647,LEH (LADAKH),4,16553,181,16738,1,12804,121,12926,10766,1,18642,161,18804,97,807357,6722,814176,476637,0,590,2,592
648,POONCH,69,25895,64406,90370,44,16448,40895,57387,35227,58,25510,64937,90505,2052,967648,2304275,3273975,1180021,2,532,1310,1844
649,PULWAMA,0,2337,44982,47319,0,728,15728,16456,3312,0,1207,20078,21285,0,24319,578564,602883,75908,0,2,97,99
650,RAJAURI,4552,35471,76304,116327,2376,20585,42440,65401,32803,3220,30144,62030,95394,122293,1111354,2246758,3480405,1127469,108,424,1054,1586
651,RAMBAN,1324,4105,42827,48256,635,2043,22924,25602,12978,993,3247,36759,40999,30322,91763,979250,1101335,321255,12,32,270,314
652,REASI,4701,16463,41296,62460,2118,10839,24147,37104,23055,3357,17822,37429,58608,104841,561439,1131750,1798030,672077,45,285,502,832
653,SAMBA,5963,1123,16631,23717,1920,414,5041,7375,2729,2442,565,6235,9242,67644,17295,176099,261038,70473,24,14,39,77
654,SHOPIAN,1,853,26975,27829,0,279,11841,12120,1476,0,347,13660,14007,0,10357,405272,415629,41276,0,0,39,39
655,SRINAGAR,0,473,3102,3575,0,186,1010,1196,400,0,310,1297,1607,0,8003,36222,44225,10108,0,2,7,9
656,UDHAMPUR,16572,7619,38513,62704,7248,3478,16320,27046,6402,9372,4525,20847,34744,259391,133856,604561,997808,167612,42,53,180,275
657,CHITTOOR,180013,36318,475477,691808,68130,10090,157221,235441,205217,102685,15579,247284,365548,3381290,515432,8100071,11996793,7252250,11816,2056,28090,41962
658,EAST GODAVARI,228878,98559,535432,862869,120862,58222,220629,399713,297049,177080,101952,306510,585542,5961764,3264704,9905890,19132358,10431907,17673,10532,25037,53242
659,GUNTUR,242139,58013,508945,809097,92568,16900,175904,285372,255468,153951,29247,291663,474861,2846620,664143,5076279,8587042,4705392,2720,1384,4611,8715
660,KRISHNA,231087,26348,384443,641878,86222,8036,132176,226434,200089,140340,13642,216827,370809,2834220,256034,4281997,7372251,4192253,3672,270,5374,9316
661,KURNOOL,187529,21086,622077,830692,77293,7879,231486,316658,297544,133752,14076,401416,549244,2966407,560679,9236672,12763758,7317021,2778,1576,9999,14353
662,NELLORE,194130,77004,338294,609428,72137,14273,124944,211354,179883,109545,20852,188205,318602,2492000,480896,4771422,7744318,4731918,2698,551,5860,9109
663,PRAKASAM,213227,40985,508165,762377,119138,13055,290113,422306,387503,197037,22198,476044,695279,5170212,590735,13749319,19510266,11568854,9044,1165,28397,38606
664,SRIKAKULAM,61223,42735,489172,593130,40480,32324,324042,396846,370855,63146,60000,488699,611845,2477953,2346724,18731458,23556135,16041123,8531,12886,57180,78597
665,VISAKHAPATANAM,35952,167423,300305,503680,17960,128372,180292,326624,298691,26666,249981,267904,544551,983498,8675489,10655959,20314946,12121733,3886,40566,44262,88714
666,VIZIANAGARAM,57606,64308,397308,519222,40229,48027,279167,367423,343948,64707,84829,451124,600660,2793606,3181343,19830764,25805713,16854044,12591,13173,89154,114918
667,WEST GODAVARI,243217,41759,474994,759970,107040,21527,180990,309557,253345,171069,36657,275792,483518,4474246,1030672,6978168,12483086,6918836,7021,1767,9852,18640
668,Y.S.R,128109,17988,408994,555091,51361,5262,161572,218195,199529,78898,8029,253636,340563,2660905,293366,9162416,12116687,7694396,7813,1122,27748,36683
