S_No,District,No_of_Joint_Account_of_Women,No_of_Total_Account_of_Women,No_of_Women_Beneficiary_Worker_with_Account,No_of_Women_Beneficiary_Active_Worker_with_Account
1,CHITTOOR,57,465948,416727,346653
2,EAST GODAVARI,49,541687,475674,373507
3,GUNTUR,40,462440,495364,415080
4,KRISHNA,24,392021,478551,401057
5,KURNOOL,53,540899,531511,457120
6,NELLORE,31,346815,320011,275524
7,PRAKASAM,106,576407,551487,490064
8,SRIKAKULAM,34,587875,509207,450961
9,VISAKHAPATANAM,59,512667,432410,392425
10,VIZIANAGARAM,54,499372,447546,411198
11,WEST GODAVARI,83,427956,424442,360475
12,Y.S.R,28,371067,316795,266188
13,CHAMBA,6406,95033,109265,92816
14,HAMIRPUR,6867,65160,81126,52728
15,KANGRA,23889,175761,185914,115089
16,KINNAUR,427,16672,15731,12858
17,KULLU,2717,81434,84984,62667
18,LAHUL AND SPITI,549,6845,5856,3710
19,MANDI,11008,223257,243489,193788
20,SHIMLA,5510,99022,115170,88601
21,SIRMAUR,3656,49847,55623,38155
22,SOLAN,3947,44583,55335,31528
23,UNA,3247,40664,45642,26389
24,BADGAM,181,11296,15669,11867
25,BANDIPORA,159,13521,17252,12694
26,BARAMULLA,194,27696,29621,18949
27,DODA,1188,70747,81543,77586
28,GANDERBAL,69,16544,18342,14102
29,JAMMU,290,19784,15323,9945
30,KARGIL,407,13869,12752,11502
31,KATHUA,395,21795,24819,18169
32,KISHTWAR,945,37999,36843,32861
33,KULGAM,407,45847,36763,30456
34,KUPWARA,714,65678,71770,64120
35,LEH (LADAKH),699,16425,15915,13945
36,POONCH,1749,60832,62655,55225
37,PULWAMA,171,11203,12904,8558
38,RAJAURI,1625,69711,89890,80054
39,RAMBAN,1276,30954,29939,20549
40,REASI,979,40598,32778,21022
41,SAMBA,214,10383,9081,4449
42,SHOPIAN,173,5073,5008,4795
43,SRINAGAR,26,1375,1174,751
44,UDHAMPUR,307,16786,18204,12210
45,CHATRA,13475,133208,141351,108631
46,DEOGHAR,22086,149643,187250,107571
47,DHANBAD,3464,96770,126756,72303
48,DUMKA,30706,189750,157869,86517
49,EAST SINGHBUM,13551,160941,150765,77578
50,GARHWA,23332,208273,211332,154712
51,GIRIDIH,3125,219775,287501,184771
52,GODDA,9546,119824,143098,77718
53,GUMLA,15663,133432,126943,63721
54,HAZARIBAGH,19344,158209,182979,108167
55,JAMTARA,1814,78245,109754,82405
56,KHUNTI,6571,63741,63962,31849
57,KODERMA,1729,59491,68903,41539
58,LATEHAR,6148,95028,110875,82500
59,LOHARDAGA,12974,71214,71876,37934
60,PAKUR,34614,116416,111938,58676
61,PALAMU,13513,198807,201762,132581
62,RAMGARH,2478,56459,70035,42510
63,RANCHI,22867,208777,189874,95031
64,SAHEBGANJ,3914,105631,132250,70003
65,SARAIKELA KHARSAWAN,5492,117331,137848,78340
66,SIMDEGA,29022,104559,87378,55212
67,WEST SINGHBHUM,7517,165364,166529,85768
68,BALLARI,75623,370574,397506,275328
69,BELAGAVI,171480,634835,620112,307068
70,BENGALURU,33316,45575,40836,4287
71,BENGALURU RURAL,16963,94726,103995,44505
72,BENGALURU SOUTH,16443,183224,185895,107212
73,BIDAR,50053,219068,191519,112974
74,CHAMARAJA NAGARA,38093,192302,199464,91644
75,CHIKKABALLAPURA,49229,219779,198438,98159
76,CHIKKAMAGALURU,43919,163688,161835,83006
77,CHITRADURGA,109095,388996,333292,147754
78,DAKSHINA KANNADA,38475,138443,149532,52901
79,DAVANAGERE,83617,305443,288326,136115
80,DHARWAR,52735,153784,157019,66771
81,GADAG,23120,174112,175474,120024
82,HASSAN,40504,257544,256647,143035
83,HAVERI,55987,228739,242254,129375
84,KALABURAGI,163836,461262,346259,180371
85,KODAGU,32646,65565,66834,20395
86,KOLAR,56671,231518,214297,97979
87,KOPPAL,189192,420389,301429,214188
88,MANDYA,9561,238762,270141,107501
89,MYSURU,54029,259442,284305,110773
90,RAICHUR,50821,382346,343104,252811
91,SHIVAMOGGA,35875,246166,238306,127822
92,TUMAKURU,155052,437053,360321,184719
93,UDUPI,5056,83780,127439,46631
94,UTTARA KANNADA,28539,152014,166586,72105
95,VIJAYPURA,154564,327591,282033,105065
96,Yadgir,74702,209866,195490,106564
97,ERNAKULAM,2123,180680,189356,91605
98,IDUKKI,1783,179417,173261,107449
99,KANNUR,394,170381,199933,117146
100,KASARGOD,1140,122339,142596,95623
101,KOLLAM,4270,285137,300979,174865
102,KOTTAYAM,1832,140157,143451,76028
103,KOZHIKODE,896,248857,273008,176890
104,MALAPPURAM,1244,208649,255497,122914
105,PALAKKAD,1541,280842,314893,195909
106,PATHANAMTHITTA,816,106567,111285,62234
107,THIRUVANANTHAPURAM,4640,324588,330020,206956
108,THRISSUR,443,227432,258969,128504
109,WAYANAD,601,110712,121577,75464
110,LEH (LADAKH),732,16792,14695,11845
111,ALIRAJPUR,169487,240388,115841,81100
112,ANUPPUR,76651,193535,136594,106971
113,ASHOK NAGAR,82146,128563,80301,56868
114,BALAGHAT,74759,405572,293886,256694
115,BARWANI,171606,306389,182946,107561
116,BETUL,43610,387421,203697,139112
117,BHIND,75614,114402,63825,35803
118,BHOPAL,1452,30349,34330,26144
119,BURHANPUR,45792,104049,75252,49079
120,CHHATARPUR,152081,232592,137121,86814
121,CHHINDWARA,19064,258375,250504,203733
122,DAMOH,39993,186871,142820,100222
123,DATIA,17845,47242,40263,22216
124,DEWAS,66356,144716,102559,52531
125,DHAR,450787,604095,246487,157140
126,DINDORI,103650,247252,183210,166465
127,GUNA,174942,276489,134260,69308
128,GWALIOR,66656,90205,46576,26670
129,HARDA,53536,70752,40205,25547
130,INDORE,33288,67505,44653,19323
131,JABALPUR,95781,180524,113377,76942
132,JHABUA,200992,332562,182667,139651
133,KATNI,112063,360507,151425,120845
134,KHANDWA,79912,219812,161748,115129
135,KHARGONE,180326,299974,207337,127492
136,MANDLA,55553,242647,228499,196922
137,MANDSAUR,97253,168833,107929,60984
138,MORENA,93547,155809,160065,133866
139,NARMADAPURAM,9983,68265,52382,26795
140,NARSINGHPUR,73304,131280,82942,50174
141,NEEMUCH,12149,58605,49510,27587
142,PANNA,84422,154326,120211,84350
143,RAISEN,37365,88396,79383,43139
144,RAJGARH,93859,284388,195231,135473
145,RATLAM,26556,135434,117163,72364
146,REWA,45515,168601,133471,82334
147,SAGAR,75079,205693,129184,80686
148,SATNA,106861,208797,127253,88234
149,SEHORE,68445,137326,82233,36458
150,SEONI,20623,240596,219796,188932
151,SHAHDOL,15419,152303,129799,106488
152,SHAJAPUR,40580,86703,60757,32787
153,SHEOPUR,57212,108989,85494,50635
154,SHIVPURI,114648,204882,182596,136024
155,SIDHI,111285,181020,116773,99587
156,SINGRAULI,94224,166680,109784,87988
157,TIKAMGARH,69374,164462,118202,76006
158,UJJAIN,120194,170373,105546,45615
159,UMARIA,17261,133516,88808,71126
160,VIDISHA,28169,101182,92334,55014
161,AKOLA,6417,65355,112766,75283
162,AMRAVATI,14590,178028,261157,180466
163,BEED,70397,179503,350330,259633
164,BHANDARA,21867,241522,241338,177085
165,BULDHANA,20036,105198,171743,99304
166,CHANDRAPUR,52599,224952,247936,174428
167,Chatrapati Sambhaji Nagar,11159,133531,313668,219818
168,Dharashiv,4742,93963,127549,63332
169,DHULE,33039,119030,181147,108075
170,GADCHIROLI,11982,204527,201314,141402
171,GONDIA,39065,291276,301222,233909
172,HINGOLI,13088,74392,120516,81064
173,JALGAON,16934,130030,235897,138942
174,JALNA,74351,158557,261751,181231
175,KOLHAPUR,6018,74570,137455,67481
176,LATUR,10945,117956,186923,110559
177,NAGPUR,16896,98728,138706,77329
178,NANDED,12202,182547,294821,175615
179,NANDURBAR,17701,173107,226200,143195
180,NASHIK,20948,186991,344555,210971
181,PALGHAR,9043,173791,236607,166946
182,PARBHANI,24696,98190,177816,122794
183,PUNE,18877,74876,125109,55490
184,RAIGAD,4808,49094,75425,34801
185,RATNAGIRI,14775,76334,97006,43678
186,SANGLI,17130,96035,116925,42872
187,SATARA,18754,115743,165351,71781
188,SINDHUDURG,1660,47872,64641,27475
189,SOLAPUR,15789,103746,187916,98164
190,THANE,2121,52701,79837,43090
191,WARDHA,28059,86498,104328,51632
192,WASHIM,21625,83479,143021,95657
193,YAVATMAL,70793,186919,300464,196168
194,CHANDEL,664,9595,10494,9439
195,CHURACHANDPUR,16705,30766,32514,29578
196,IMPHAL EAST,16492,90683,91431,80552
197,IMPHAL WEST,1420,49682,62046,57180
198,JIRIBAM,392,4600,6634,5814
199,KAKCHING,8618,42600,36391,28832
200,KAMJONG,51,5562,8312,7241
201,KANGPOKPI,521,15922,26246,20190
202,NONEY,1108,4099,8514,6920
203,PHERZAWL,2054,3167,3939,3359
204,SENAPATI,629,19637,24809,22825
205,TAMENGLONG,1765,9110,11544,11227
206,TENGNOUPAL,493,7409,9404,7963
207,THOUBAL,18992,60638,42989,38397
208,UKHRUL,1713,16914,21772,20840
209,CHANGLANG,7385,11702,11804,8054
210,EAST KAMENG,1888,13353,19664,19306
211,EAST SIANG,810,4510,5471,5088
212,KAMLE,129,2818,6095,5650
213,KRA-DAADI,889,9579,12227,11878
214,KURUNG KUMEY,1438,9698,11916,11124
215,LEPARADA,41,2918,3898,3211
216,LOHIT,195,3164,2882,2760
217,LONGDING,864,5614,9450,7441
218,LOWER DIBANG VALLEY,916,4473,7388,7278
219,LOWER SIANG,114,2932,4315,3459
220,LOWER SUBANSIRI,122,6600,9708,8556
221,NAMSAI,921,5178,6996,6140
222,PAKKE KESSANG,48,2922,4283,4125
223,PAPUM PARE,517,10692,15552,15090
224,SHI YOMI,738,2940,2808,2282
225,SIANG,706,3645,5416,4480
226,TAWANG,308,5623,6006,5332
227,TIRAP,4439,7847,12878,11487
228,UPPER DIBANG VALLEY,14,1782,1571,1564
229,UPPER SIANG,85,1747,3551,3379
230,UPPER SUBANSIRI,278,10151,21924,21744
231,WEST KAMENG,4075,8318,7223,5179
232,WEST SIANG,231,4865,6953,5665
233,East Jaintia Hills,1829,24831,31020,26045
234,EAST KHASI HILLS,3267,92063,112752,84218
235,NORTH GARO HILLS,14212,26875,36951,32778
236,RI BHOI,3251,39824,57461,45217
237,SOUTH GARO HILLS,5758,10930,23958,22254
238,SOUTH WEST GARO HILLS,39559,49604,51033,43394
239,SOUTH WEST KHASI HILLS,12163,16700,24838,22710
240,WEST GARO HILLS,72243,95513,106204,83955
241,WEST JAINTIA HILLS,12088,48842,63691,49704
242,WEST KHASI HILLS,1264,59839,69133,50955
243,CHAMPHAI,11313,29577,14851,14204
244,KOLASIB,40,11799,13795,13667
245,LAWNGTLAI,13906,30450,22859,22079
246,LUNGLEI,2136,29832,12909,10875
247,MAMIT,799,18664,10650,10056
248,SERCHHIP,764,11257,10124,8846
249,Siaha,4580,12076,11528,10733
250,KIPHIRE,6662,12714,6907,6254
251,KOHIMA,144,10446,15606,12699
252,LONGLENG,620,3421,9672,8052
253,MOKOKCHUNG,540,13665,15251,14327
254,MON,1635,10788,27827,27231
255,PEREN,33,5218,13655,12304
256,PHEK,281,8161,14575,12384
257,TUENSANG,210,8279,16779,15297
258,WOKHA,96,7310,20068,18289
259,ZUNHEBOTO,38,6002,16298,13892
260,BALESHWAR,41685,210923,188416,103876
261,BARGARH,19763,155841,140795,97298
262,BHADRAK,26690,141867,152096,89381
263,BOLANGIR,71460,276638,233740,183992
264,BOUDH,8462,85008,76244,56008
265,CUTTACK,33410,166319,129070,67773
266,DEOGARH,11521,58202,55927,41630
267,DHENKANAL,14791,218633,148816,101772
268,GAJAPATI,16031,119417,97008,77617
269,GANJAM,54043,458349,337089,288947
270,JAGATSINGHAPUR,45164,110564,82387,55746
271,JAJPUR,20299,143984,128942,79915
272,JHARSUGUDA,7527,57032,55086,40607
273,KALAHANDI,38404,246084,229062,183987
274,KANDHAMAL,38908,176603,130246,124829
275,KENDRAPARA,15295,125691,130571,74255
276,KENDUJHAR,18896,286227,255403,199646
277,KHORDHA,5282,82479,78237,44728
278,KORAPUT,60166,249662,174863,146666
279,MALKANGIRI,30775,115783,83189,68280
280,MAYURBHANJ,44273,432733,330300,255831
281,NABARANGAPUR,126037,263777,146601,109375
282,NAYAGARH,33372,135279,124473,78028
283,NUAPADA,26094,144314,100427,88659
284,PURI,17504,231342,144686,81503
285,RAYAGADA,44077,194680,106347,88084
286,SAMBALPUR,15017,115916,89178,67621
287,SONEPUR,9735,87415,81948,50420
288,SUNDARGARH,47598,284665,197234,166871
289,PONDICHERRY,803,59362,61321,45674
290,BARNALA,3908,28461,29948,21320
291,BHATINDA,3286,63739,72526,58029
292,FARIDKOT,2632,41240,41847,32315
293,FATEHGARH SAHIB,888,36577,35525,27504
294,Fazilka,4359,95560,122490,96827
295,FEROZEPUR,5767,61379,72340,48527
296,GURDASPUR,1508,43976,50262,31746
297,HOSHIARPUR,8469,63898,64964,39221
298,JALANDHAR,6991,49774,51602,28770
299,KAPURTHALA,3718,31885,34288,21848
300,LUDHIANA,1822,81007,81581,56613
301,MALERKOTLA,0,0,98,40
302,MANSA,3603,46827,54483,42155
303,MOGA,8803,70280,74391,46266
304,MUKATSAR,12633,79749,90969,70012
305,NAWANSHAHR,1214,27647,34377,24883
306,Pathankot,480,16846,18984,9836
307,PATIALA,4553,81995,96184,74102
308,ROPAR,1346,26107,32245,22516
309,SANGRUR,6435,68143,83540,64631
310,SAS NAGAR MOHALI,709,18470,20113,12989
311,TARN TARAN,16165,46472,33281,24222
312,ALWAR,2862,268402,252511,152190
313,BANSWARA,104478,508416,461866,379782
314,BARAN,5251,208884,225429,162070
315,BARMER,23904,584021,619378,516509
316,BHARATPUR,3586,275497,284662,137932
317,BHILWARA,7185,490814,478833,429593
318,BIKANER,34096,320234,323046,237261
319,BUNDI,4079,186065,193566,136742
320,CHITTORGARH,5887,225069,221953,149724
321,CHURU,24354,272948,290702,205104
322,DAUSA,24707,219497,185807,104462
323,DHOLPUR,5479,126798,132912,80089
324,DUNGARPUR,109630,425187,399348,332894
325,HANUMANGARH,4358,197246,219315,163000
326,JAIPUR,17620,360575,336114,200517
327,JAISALMER,14606,139448,147543,131051
328,JALORE,17492,295417,291852,190605
329,JHALAWAR,11230,302892,298882,257342
330,JHUNJHUNU,1914,107584,110107,49444
331,JODHPUR,29474,487537,511846,367942
332,KARAULI,24374,222441,205759,138076
333,KOTA,1396,145572,146520,111691
334,NAGAUR,17612,514065,557206,442622
335,PALI,5750,349571,337214,231939
336,PRATAPGARH,11698,202998,199427,179765
337,RAJSAMAND,17410,233276,222733,178755
338,SAWAI MADHOPUR,14412,209491,213381,126251
339,SIKAR,4926,167369,171201,91152
340,SIROHI,5079,168373,167576,128529
341,SRI GANGANAGAR,7916,269121,271029,207106
342,TONK,4207,263219,250859,156311
343,UDAIPUR,29349,556183,501420,340614
344,Gyalshing District,563,24054,21390,17767
345,Mangan District,73,4140,3665,2990
346,Namchi District,1542,16705,17109,12642
347,COIMBATORE,4221,139213,99720,70642
348,CUDDALORE,4746,466195,443065,396103
349,DHARMAPURI,4384,277163,268334,241832
350,DINDIGUL,4350,316185,301596,270235
351,ERODE,1549,168840,158736,121745
352,KANCHIPURAM,5964,343284,324143,291187
353,KANNIYAKUMARI,495,65575,58015,35109
354,KARUR,3517,152404,136057,117323
355,KRISHNAGIRI,6485,304122,281754,246676
356,MADURAI,3694,316194,272131,248171
357,NAGAPATTINAM,3653,289123,266882,247112
358,NAMAKKAL,2083,217996,206543,173451
359,PERAMBALUR,1032,127716,132825,115179
360,PUDUKKOTTAI,2831,318100,320351,286921
361,RAMANATHAPURAM,4422,241218,209188,187638
362,SALEM,3445,392091,374431,305979
363,SIVAGANGAI,2878,213050,188006,172328
364,THANJAVUR,2945,306449,279370,256001
365,THE NILGIRIS,1237,52109,44756,28485
366,THENI,1648,125671,105558,78831
367,THOOTHUKKUDI,1892,194838,161902,144357
368,TIRUCHIRAPPALLI,2276,338865,304747,283075
369,TIRUNELVELI,1724,281018,264201,221786
370,TIRUPPUR,2853,175505,151060,117623
371,TIRUVALLUR,8743,300129,277985,244265
372,TIRUVANNAMALAI,6173,551780,491831,457571
373,TIRUVARUR,1614,209846,186769,170249
374,VELLORE,6607,429687,451380,404394
375,VILLUPURAM,16474,795198,757728,692814
376,VIRUDHUNAGAR,2100,243638,228250,200645
377,Bhadradri Kothagudem,0,150515,148558,105628
378,Jagtial,0,122349,123156,90369
379,Jangaon,0,128006,120890,88574
380,Jayashanker,0,169830,163264,109902
381,Jogulamba Gadwal,0,112329,108792,67791
382,Kamareddy,0,225961,206098,157989
383,KARIMNAGAR,0,100655,101235,72328
384,KHAMMAM,0,212887,214391,165436
385,Kumram Bheem(Asifabad),0,113096,101545,74382
386,Mahabubabad,0,174818,163549,124922
387,MAHBUBNAGAR,0,259022,228215,133296
388,Mancherial,0,108080,101556,74131
389,MEDAK,0,194510,167646,111728
390,Medchal,0,9736,9702,5229
391,Nagarkurnool,0,143360,136461,87037
392,NALGONDA,0,331694,316610,222823
393,Nirmal,0,153253,131476,101882
394,NIZAMABAD,0,231719,219619,162491
395,Peddapalli,0,98586,99567,79020
396,Rangareddy,0,125860,125266,84560
397,Sangareddy,0,189950,170962,94916
398,Siddipet,0,172856,162172,116618
399,Sirsilla,0,74702,73606,55756
400,Suryapet,0,241033,221718,174517
401,Vikarabad,0,137541,151130,112812
402,Wanaparthy,0,105351,99424,66435
403,WARANGAL,0,134277,132264,100192
404,Warangal (Urban),0,44227,42051,31468
405,Yadadri,0,134189,126514,86115
406,BARPETA,7056,185960,214112,138329
407,Biswanath,3495,84103,105948,79048
408,BONGAIGAON,18676,105801,114163,57458
409,CACHAR,2102,80487,115650,66772
410,CHARAIDEO,7320,43820,54111,33132
411,CHIRANG,36067,91979,109002,66692
412,DARRANG,2986,110242,153672,111544
413,DHEMAJI,4864,179870,158281,107278
414,DHUBRI,105049,230136,249075,141759
415,DIBRUGARH,6372,133066,156624,97267
416,Dima Hasao,604,6981,25065,13075
417,GOALPARA,1579,107659,149424,81622
418,GOLAGHAT,5235,132235,162036,98388
419,HAILAKANDI,945,54627,100921,67960
420,HOJAI,18878,68122,100465,67304
421,JORHAT,733,77736,101234,62010
422,KAMRUP,5815,136441,181385,114873
423,KAMRUP (METRO),2450,20210,26833,12147
424,KARBI ANGLONG,3697,83317,108257,70374
425,KOKRAJHAR,118134,188480,199966,129630
426,LAKHIMPUR,714,177520,187390,120843
427,MAJULI,106,25840,25920,20877
428,Morigaon,34261,131017,152435,109911
429,NAGAON,17761,143441,221477,160213
430,NALBARI,1797,75447,113349,87076
431,SIVASAGAR,1631,64459,93966,69869
432,SONITPUR,42654,134425,140383,87570
433,SOUTH SALMARA-MANKACHAR,2911,49711,75376,49087
434,Sribhumi,303,83715,108713,69762
435,TINSUKIA,686,90245,142522,89191
436,UDALGURI,20671,108853,165276,117158
437,WEST KARBI ANGLONG,1513,31455,44852,22272
438,Gomati,5532,84961,89474,78267
439,Khowai,8939,59848,59192,50442
440,NORTH TRIPURA,3979,58019,66074,59739
441,Sepahijala,23647,92227,69680,60640
442,SOUTH TRIPURA,8229,88379,89892,74350
443,Unakoti,1242,42993,49339,43909
444,WEST TRIPURA,19702,90709,74957,63564
445,ALIGARH,4323,61623,61344,38459
446,AMBEDKAR NAGAR,11349,114174,134414,83613
447,AMETHI,17384,105604,102355,59115
448,AMROHA,22551,76636,54923,36453
449,AURAIYA,2359,47162,53681,34387
450,AYODHYA,5978,119147,123673,74671
451,AZAMGARH,5307,211012,226502,148459
452,BAGHPAT,3789,12731,6795,1338
453,BAHRAICH,11834,202573,218639,151604
454,BALLIA,3944,128379,133530,80383
455,BALRAMPUR,6488,85032,78797,60985
456,BANDA,16067,150338,160598,85021
457,BARABANKI,5851,150553,151938,91486
458,BAREILLY,3446,68510,83989,50045
459,BASTI,18091,226035,213814,159015
460,BIJNOR,7155,102950,114685,77012
461,BUDAUN,2490,61740,65306,41313
462,BULANDSHAHR,4278,35099,27862,14387
463,CHANDAULI,14354,110822,109736,84637
464,CHITRAKOOT,6913,98185,89682,54741
465,DEORIA,4227,96871,93118,57150
466,ETAH,3920,51163,53285,31245
467,ETAWAH,4156,42730,44804,27359
468,FARRUKHABAD,1172,32963,31602,21080
469,FATEHPUR,4189,133432,124031,75047
470,FIROZABAD,10772,56586,59517,44708
471,GAUTAM BUDDHA NAGAR,1498,2682,569,115
472,GHAZIABAD,5165,8171,5395,16
473,GHAZIPUR,17270,166410,231169,158125
474,GONDA,3514,148042,136197,75837
475,GORAKHPUR,13946,162777,169368,104637
476,HAMIRPUR,21735,119165,107617,75551
477,HAPUR,2483,10384,6324,3564
478,HARDOI,5256,140678,144762,90578
479,HATHRAS,3304,21373,24131,15379
480,JALAUN,12893,129608,124728,98567
481,JAUNPUR,8496,190489,237472,165855
482,JHANSI,45164,147313,113458,65816
483,KANNAUJ,3275,41657,43830,31440
484,KANPUR DEHAT,2969,60417,59525,34161
485,KANPUR NAGAR,2778,42674,41188,21978
486,KASHGANJ,1647,38791,37766,25424
487,KAUSHAMBI,13624,95257,79122,46783
488,KHERI,4287,169895,202412,104805
489,KUSHI NAGAR,21908,149024,173706,100962
490,LALITPUR,18604,130397,129610,92078
491,LUCKNOW,7362,59734,47199,20497
492,MAHARAJGANJ,20014,199515,202676,143941
493,MAHOBA,11534,75699,56598,30392
494,MAINPURI,8636,72256,80794,55437
495,MATHURA,13709,72815,67293,46943
496,MAU,3738,127066,127521,86076
497,MEERUT,3888,29538,18992,9405
498,MIRZAPUR,44591,200609,166818,97163
499,MORADABAD,2492,58445,70428,41255
500,MUZAFFARNAGAR,5065,35993,29638,13475
501,PILIBHIT,5524,67368,94167,52888
502,PRATAPGARH,14099,195189,173954,110587
503,PRAYAGRAJ,17521,208230,233299,139638
504,RAE BARELI,7695,158130,162490,88812
505,RAMPUR,930,40008,55970,39586
506,SAHARANPUR,9429,74860,77462,48401
507,SAMBHAL,11678,62665,47237,29823
508,SANT KABEER NAGAR,17375,165088,145881,108139
509,SANT RAVIDAS NAGAR,8601,67704,69331,43755
510,SHAHJAHANPUR,2737,70660,93755,55099
511,SHAMLI,1424,13241,14931,7193
512,SHRAVASTI,5186,63475,67595,41486
513,SIDDHARTH NAGAR,16052,225937,217169,158729
514,SITAPUR,9381,270480,271383,148596
515,SONBHADRA,25230,220322,181628,119503
516,SULTANPUR,5706,125413,168621,118073
517,UNNAO,4199,111293,105948,53021
518,VARANASI,6651,84290,81572,52591
519,BAGESHWAR,1343,37046,32934,20408
520,CHAMOLI,7668,77070,71458,57877
521,CHAMPAWAT,1724,28555,27442,18777
522,DEHRADUN,2742,38131,27254,19860
523,HARIDWAR,5501,52357,48382,25673
524,NAINITAL,2057,43446,34548,19630
525,PAURI GARHWAL,9819,105950,87573,64434
526,PITHORAGARH,7224,83522,68537,45332
527,RUDRA PRAYAG,3205,47767,38860,26590
528,TEHRI GARHWAL,10651,140675,122132,98283
529,UDAM SINGH NAGAR,16375,71843,59601,27994
530,UTTAR KASHI,2770,72134,70191,61880
531,BANKURA,55356,610884,586229,35828
532,BIRBHUM,183972,640394,553729,66287
533,COOCHBEHAR,65910,603813,571737,28468
534,DAKSHIN DINAJPUR,33211,220468,202278,17191
535,GORKHALAND TERRITORIAL ADMINISTRATION (GTA),6240,116867,95184,3226
536,HOOGHLY,40783,561008,565232,48250
537,HOWRAH,10893,189751,197422,34944
538,JALPAIGURI,14130,367401,326443,49197
539,JHARGRAM,49272,207423,183898,15879
540,KALIMPONG,4057,55058,42581,7689
541,MALDAH,69951,566611,474211,39154
542,MURSHIDABAD,97755,730409,605307,27305
543,NADIA,40749,593692,497859,40892
544,NORTH 24 PARGANAS,71579,560749,505868,51697
545,PASCHIM BARDHAMAN,24415,104621,99157,8956
546,PASCHIM MEDINIPUR,59400,677460,658552,126887
547,PURBA BARDHAMAN,339056,834747,727796,40958
548,PURBA MEDINIPUR,42165,740344,720385,49989
549,PURULIA,38340,453450,395594,35155
550,SILIGURI MAHAKUMA PARISAD,2227,78735,83320,5335
551,SOUTH 24 PARGANAS,225463,904223,859727,78060
552,UTTAR DINAJPUR,52154,366057,315271,6630
553,ARWAL,12319,66799,73729,50200
554,AURANAGABAD,16453,125058,221814,142655
555,BANKA,21861,169407,233996,113590
556,BEGUSARAI,32911,172350,290786,127615
557,BHAGALPUR,59523,178678,235499,120383
558,BHOJPUR,45623,114192,155815,95724
559,BUXAR,2126,66551,114747,75112
560,DARBHANGA,41859,323449,425545,219107
561,GAYAJI,14003,279216,488555,283610
562,GOPALGANJ,5656,76386,117707,73968
563,JAMUI,18020,155414,258650,171164
564,JEHANABAD,31877,83122,110543,81467
565,KAIMUR (BHABUA),11120,82283,135477,90315
566,KATIHAR,15401,223938,367248,222741
567,KHAGARIA,3112,82695,145476,69191
568,KISHANGANJ,6861,108555,206915,146286
569,LAKHISARAI,1155,74126,109174,71523
570,MADHEPURA,24593,206201,288673,135004
571,MADHUBANI,15942,250572,439866,212624
572,MUNGER,5913,80055,128147,78633
573,MUZAFFARPUR,51920,206495,328243,200691
574,NALANDA,9598,130479,270088,168667
575,NAWADA,20611,186894,319876,204826
576,PASHCHIM CHAMPARAN,68873,213819,337535,180685
577,PATNA,5370,221438,250701,125846
578,PURBI CHAMPARAN,11187,263844,536658,278375
579,PURNIA,7580,212102,368203,196270
580,ROHTAS,12267,100963,178076,104320
581,SAHARSA,14158,188571,270913,192989
582,SAMASTIPUR,70351,322466,537357,269800
583,SARAN,789,156354,257802,149660
584,Sheikhpura,1885,38673,65101,36988
585,SHEOHAR,26054,69329,73800,47875
586,SITAMARHI,19208,229066,342308,172405
587,SIWAN,8040,71698,154307,107075
588,SUPAUL,31050,158797,253254,145891
589,VAISHALI,2196,198128,333116,166254
590,BALODA BAZAR,2126,234022,199130,178666
591,BALRAMPUR,3187,151790,100659,87659
592,BASTAR,5044,115320,89365,60748
593,BEMETARA,4808,175384,136383,109754
594,BIJAPUR,3617,28077,28201,24420
595,BILASPUR,9583,321864,224017,188996
596,DANTEWADA,3422,43379,29868,24592
597,DHAMTARI,4877,184554,167588,150138
598,DURG,1812,117121,115366,103637
599,GARIYABAND,3223,165375,151143,137339
600,JANJGIR-CHAMPA,6412,304564,235530,200370
601,JASHPUR,7936,158294,126244,106060
602,KANKER,7084,185459,129501,112335
603,KAWARDHA,2986,197521,196205,179577
604,KONDAGAON,1474,122982,102346,81903
605,KORBA,8821,208414,112918,101763
606,KOREA,1920,104903,97640,89781
607,MAHASAMUND,3336,239654,163684,140731
608,MUNGELI,8433,209990,119566,98478
609,NARAYANPUR,3917,24262,22408,16390
610,RAIGARH,6736,231824,163115,140958
611,RAIPUR,6708,245837,200027,176227
612,RAJNANDAGON,6392,321595,298251,274668
613,SUKMA,2167,45883,32463,25541
614,SURAJPUR,1048,123844,99876,91100
615,SURGUJA,3388,137172,91672,72134
616,SOUTH GOA,80,5939,7201,2441
617,AMRELI,68756,99849,84176,20854
618,ANAND,24031,53783,28920,15513
619,ARVALLI,22619,91877,97018,55542
620,BANAS KANTHA,41994,136261,110184,57396
621,BHARUCH,33482,54018,53675,14319
622,BHAVNAGAR,86647,116826,74868,29016
623,Botad,26346,51792,36814,12931
624,Chhotaudepur,46401,124092,106450,39172
625,DANG,12091,43594,42147,24798
626,DEVBHUMI DWARKA,24191,42872,31771,7152
627,DOHAD,77581,407258,372432,195837
628,GANDHINAGAR,12956,26502,15631,6065
629,GIR SOMNATH,77883,93959,45212,20883
630,JAMNAGAR,11680,38082,27604,9946
631,JUNAGADH,71104,106229,96037,20910
632,KACHCHH,46528,93481,53728,21158
633,KHEDA,66844,119423,80687,17724
634,MAHESANA,7330,38984,39504,14918
635,MAHISAGAR,54020,115072,114614,55753
636,Morbi,19582,24060,15625,4802
637,NARMADA,16290,110249,100444,81188
638,NAVSARI,2078,78106,89191,53216
639,PANCH MAHALS,42465,142903,155955,93722
640,PATAN,17542,68903,72083,22610
641,PORBANDAR,12973,28989,25597,6235
642,RAJKOT,72289,91853,70719,10497
643,SABAR KANTHA,45338,115963,106941,53876
644,SURAT,2707,93608,111009,45758
645,SURENDRANAGAR,49382,105436,58701,18132
646,TAPI,42425,150729,146665,70693
647,VADODARA,21515,38373,40440,10297
648,VALSAD,2564,72085,95061,42894
649,BHIWANI,4334,47263,63311,29196
650,CHARKI DADRI,1226,10664,17269,5584
651,FARIDABAD,79,3429,4520,1217
652,FATEHABAD,815,59813,79365,64187
653,GURUGRAM,272,5836,7403,1862
654,HISAR,17914,83773,103097,66082
655,JHAJJAR,3453,25161,36082,11639
656,JIND,4953,44590,58531,33904
657,KAITHAL,1486,41686,56201,34556
658,KARNAL,5105,60745,73158,39998
659,KURUKSHETRA,10888,38521,48836,22354
660,MAHENDRAGARH,2006,23811,29950,10174
661,MEWAT,12483,58692,57468,13169
662,PALWAL,3660,15801,19610,2117
663,PANCHKULA,418,5331,6500,2492
664,PANIPAT,2316,22794,30627,15182
665,REWARI,5457,13221,18401,5888
666,ROHTAK,1788,23030,31549,17013
667,SIRSA,9675,74594,88270,52770
668,SONIPAT,3178,19938,23743,11908
669,YAMUNANAGAR,2589,21778,26731,8112
670,NORTH AND MIDDLE ANDAMAN,210,12850,10586,3155
671,SOUTH ANDAMAN,1021,10553,6228,1881
