district,state,literacy_rate,women_worked_pct,total_exp_lakhs,unskilled_wages_lakhs,balance_lakhs,women_persondays,total_persondays,individual_accounts,total_accounts
North & Middle Andaman,Andaman & Nicobar Islands,84.0,56.39,342.62,229.8,156.04,105714,177265,210,12850
South Andaman,Andaman & Nicobar Islands,86.7,64.04,116.06,79.67,90.47,25140,42494,1021,10553
Srikakulam,Andhra Pradesh,64.3,60.61,59395.96,48451.26,-59395.96,16041123,23556135,34,587875
Vizianagaram,Andhra Pradesh,58.3,57.26,65567.9,56318.32,-65567.9,16854044,25805713,54,499372
Visakhapatnam,Andhra Pradesh,69.5,54.85,57801.02,42033.73,-57801.02,12121733,20314946,59,512667
East Godavari,Andhra Pradesh,77.9,50.73,54348.28,40822.07,-54348.28,10431907,19132358,49,541687
West Godavari,Andhra Pradesh,77.0,52.40,38481.46,25691.72,-38481.46,6918836,12483086,83,427956
Krishna,Andhra Pradesh,76.9,53.96,25239.9,15154.12,-25239.9,4192253,7372251,24,392021
Guntur,Andhra Pradesh,68.5,53.80,27892.14,17658.06,-27892.14,4705392,8587042,40,462440
Prakasam,Andhra Pradesh,62.8,55.73,48812.14,40875.18,-48812.14,11568854,19510266,106,576407
Y.S.R.,Andhra Pradesh,63.8,58.59,36191.85,26170.74,-36191.85,7694396,12116687,28,371067
Kurnool,Andhra Pradesh,57.0,54.17,32952.69,26137.26,-32952.69,7317021,12763758,53,540899
Chittoor,Andhra Pradesh,69.3,56.14,33394.72,25419.79,-33394.72,7252250,11996793,57,465948
Tawang,Arunachal Pradesh,59.1,55.11,495.57,275.6,3.76,123048,225957,308,5623
West Kameng,Arunachal Pradesh,73.7,38.90,675.14,336.58,24.4,127213,325484,4075,8318
East Kameng,Arunachal Pradesh,62.2,38.45,1094.48,490.56,68.65,322257,854371,1888,13353
Papum Pare,Arunachal Pradesh,78.2,47.90,2167.59,985.54,14.15,516817,1088931,517,10692
Upper Subansiri,Arunachal Pradesh,64.3,43.89,1254.37,527.1,36.68,391386,908526,278,10151
Upper Siang,Arunachal Pradesh,74.4,28.71,261.22,162.03,2.9,49392,171037,85,1747
Changlang,Arunachal Pradesh,77.6,29.35,1245.89,782.6,17.07,180907,624553,7385,11702
Lower Subansiri,Arunachal Pradesh,76.8,49.93,223.94,165.92,26.65,34184,67107,122,6600
Dibang Valley,Arunachal Pradesh,77.8,41.90,128.74,61.72,89.48,57638,135848,916,4473
Lower Dibang Valley,Arunachal Pradesh,81.6,41.90,128.74,61.72,89.48,57638,135848,916,4473
Anjaw,Arunachal Pradesh,67.9,52.26,277.42,67.95,10.48,7179249,13433374,54043,458349
East Siang,Arunachal Pradesh,83.8,36.70,367.1,184.82,0.17,20427,53536,810,4510
Kra Daadi,Arunachal Pradesh,55.3,50.11,1086.66,631.97,-11.64,391880,769106,889,9579
Kurung Kumey,Arunachal Pradesh,76.5,44.78,1527,1028.28,35.64,222247,483708,1438,9698
Lohit,Arunachal Pradesh,73.4,48.76,756.49,459.08,0.15,180723,370581,195,3164
Longding,Arunachal Pradesh,71.9,20.30,59.79,33.33,3.1,24524,134594,864,5614
Namsai,Arunachal Pradesh,67.1,23.43,1819.27,942.77,11.2,171721,731342,921,5178
Siang,Arunachal Pradesh,87.4,28.03,334.88,177.32,34.38,28352,101048,706,3645
Tirap,Arunachal Pradesh,75.1,30.09,1053.59,665.85,0.45,164186,563329,4439,7847
West Siang,Arunachal Pradesh,77.9,35.76,13.31,5.18,49.29,1788,5226,231,4865
Kokrajhar,Assam,73.7,45.18,5364.17,4698.15,-251.16,1059167,2387555,118134,188480
Goalpara,Assam,74.1,47.00,1555.08,1431.38,53.36,327702,725650,1579,107659
Barpeta,Assam,74.8,41.79,8890.56,6922.03,286.04,1332084,3372021,7056,185960
Morigaon,Assam,78.7,41.36,4296.65,3825.91,-41.34,757746,1895406,34261,131017
Lakhimpur,Assam,83.9,49.45,11353.07,9761.84,166.7,2469341,4996856,714,177520
Dhemaji,Assam,81.5,50.86,5916.23,5388.18,117.3,1357519,2748756,4864,179870
Tinsukia,Assam,70.5,46.71,1846.47,1662.93,-71.43,380957,871557,686,90245
Dibrugarh,Assam,76.6,50.04,3679.87,3304.76,86.21,820976,1680217,6372,133066
Golaghat,Assam,75.1,43.90,3341.57,2962.77,56.71,646962,1516170,5235,132235
Dima Hasao,Assam,87.7,40.18,599.52,557.77,17.51,108051,292842,604,6981
Cachar,Assam,77.2,27.82,11275.95,8679.58,316.42,1175914,4356583,2102,80487
Karimganj,Assam,80.7,68.07,4296.65,3825.91,-41.34,1500321,2034303,0,100655
Hailakandi,Assam,82.2,24.04,2122.34,1689.74,-9.48,200490,861492,945,54627
Bongaigaon,Assam,75.8,41.94,1804.07,1511.56,52.12,304297,767533,18676,105801
Chirang,Assam,71.5,47.85,5408.2,4607.26,317.36,1121489,2359292,36067,91979
Kamrup,Assam,79.6,38.85,5787.16,4635.87,212.16,854224,2306346,5815,136441
Kamrup Metropolitan,Assam,86.0,46.81,282.55,271.75,1.75,60602,140373,2450,20210
Nalbari,Assam,83.9,37.54,6088.4,5189.72,183.76,1017237,2710642,1797,75447
Baksa,Assam,74.8,56.03,5206.14,4857.14,670.16,2538411,4572640,21861,169407
Darrang,Assam,75.6,43.79,2966.78,2361.64,-41.94,518940,1184536,2986,110242
Udalguri,Assam,70.0,45.82,7788.36,7364.73,236.37,1710627,3797380,20671,108853
Biswanath,Assam,69.2,48.81,1705.48,1670.21,1085.97,411608,861491,3495,84103
Charaideo,Assam,71.9,47.63,566.53,510.64,2.5,124108,276791,7320,43820
Dhubri,Assam,69.5,41.43,8158.97,6792.22,255.77,1385595,3415436,105049,230136
Hojai,Assam,83.2,40.81,4531.91,4183.97,228.74,813352,2097255,18878,68122
Jorhat,Assam,85.1,49.00,1942.9,1784.26,-85.27,430544,945543,733,77736
Karbi Anglong,Assam,78.8,48.85,2825.48,2585.42,709.64,648967,1330934,3697,83317
Majuli,Assam,83.4,40.68,2271.24,2084.82,45.1,411666,1039704,106,25840
Nagaon,Assam,78.4,39.41,7261.45,6331.32,185.57,1236133,3269491,17761,143441
Sivasagar,Assam,86.6,48.54,1334.66,1235.54,-23.97,278055,621839,1631,64459
Sonitpur,Assam,76.9,43.63,6484.81,6100.45,-824.53,1347415,3187054,42654,134425
South Salmara Mancachar,Assam,63.5,53.36,1797.64,1627.66,851.69,466916,872491,2911,49711
West Karbi Anglong,Assam,73.9,47.29,590.47,558.93,-590.5,135806,291776,1513,31455
Pashchim Champaran,Bihar,52.5,56.54,5857.84,4844.3,506.34,1740169,2866168,68873,213819
Purba Champaran,Bihar,50.2,55.64,14744.07,10988.01,580.65,3598665,6234255,11187,263844
Sheohar,Bihar,52.5,52.49,3505.12,2511.88,433.53,745652,1388912,26054,69329
Sitamarhi,Bihar,51.7,55.67,9448.38,7009.5,470.76,2282003,4010159,19208,229066
Madhubani,Bihar,53.2,64.49,10300.26,8300.91,206.21,3248881,4956233,15942,250572
Supaul,Bihar,42.1,56.38,7608.37,5997.72,1667.59,1990700,3353244,31050,158797
Araria,Bihar,43.7,28.23,9325.94,7766.71,857.68,374013,1332471,2359,47162
Kishanganj,Bihar,48.0,52.97,6424.38,5397.03,440.67,1644476,3066361,6861,108555
Purnia,Bihar,47.5,61.46,11505.65,8215.11,988.24,2863995,4546633,7580,212102
Katihar,Bihar,49.7,60.00,9750.05,7691.5,274.2,2662186,4318397,15401,223938
Madhepura,Bihar,47.6,53.38,12649.45,10279.92,193.86,3139731,5788147,24593,206201
Saharsa,Bihar,43.1,56.72,13732.74,11952.54,166.34,3658877,6285020,14158,188571
Darbhanga,Bihar,49.4,59.44,13221.94,10367.67,759.7,3858303,6292658,41859,323449
Muzaffarpur,Bihar,63.0,54.36,8606.28,7225.92,1585.56,2357033,4337219,51920,206495
Gopalganj,Bihar,63.3,45.05,4717.57,3448.08,347.87,856027,1889034,5656,76386
Siwan,Bihar,70.9,47.32,3989.62,3425.66,402.23,903715,1897546,8040,71698
Saran,Bihar,65.6,50.11,14486.01,11316.06,798.95,3132131,6418571,789,156354
Vaishali,Bihar,62.4,64.12,11223.09,8233.02,478.07,3134844,4745595,2196,198128
Samastipur,Bihar,54.3,58.55,17871.28,13801.24,971.68,4767942,7983220,70351,322466
Begusarai,Bihar,62.3,63.48,9323.65,5483.9,487.49,1984656,3161586,32911,172350
Khagaria,Bihar,51.8,69.71,2456.74,2053.16,86.51,767317,1109881,3112,82695
Bhagalpur,Bihar,65.6,46.88,11007.08,7909.94,428.91,2207449,4484770,59523,178678
Banka,Bihar,55.7,56.03,9744.1,7665.75,127.79,2538411,4572640,21861,169407
Munger,Bihar,69.5,51.83,6582.56,4091.8,470.11,1222707,2304275,5913,80055
Lakhisarai,Bihar,57.9,55.04,4813.04,3591.17,128.33,1142609,2035468,1155,74126
Sheikhpura,Bihar,55.0,51.28,1801.45,1606.09,20.61,453719,892101,1885,38673
Nalanda,Bihar,56.1,57.73,7630.81,6161.79,264.57,1895340,3206906,9598,130479
Patna,Bihar,67.6,53.99,5924.19,5452.61,3375.51,1830440,3317534,5370,221438
Bhojpur,Bihar,64.1,43.86,4353.59,3483.77,437.08,914777,1979438,45623,114192
Buxar,Bihar,68.1,38.90,3929.33,3004.36,684.06,681697,1700331,2126,66551
Kaimur (Bhabua),Bihar,66.0,46.47,4721.21,3893.82,393.55,1014208,2114641,11120,82283
Rohtas,Bihar,76.5,42.87,5524.58,4029.74,229.59,1035398,2299147,12267,100963
Aurangabad,Bihar,67.6,46.39,11676.11,9411.84,486.05,2488913,5226915,16453,125058
Gaya,Bihar,59.4,57.75,9942.55,8117.17,1288.73,2738228,4690452,14003,279216
Nawada,Bihar,62.1,49.29,8629.64,6498.25,269.68,1924461,3593079,20611,186894
Jamui,Bihar,48.7,54.55,10797.54,7945.4,64.63,2578544,4594045,18020,155414
Jehanabad,Bihar,63.2,46.62,6083.91,4592,187.95,1197009,2524215,31877,83122
Arwal,Bihar,62.5,46.46,4509.87,3437.82,87.16,888353,1899167,12319,66799
Chandigarh,Chandigarh,83.0,23.86,5385.59,4382.75,9.63,567326,2337343,4323,61623
Koriya,Chhattisgarh,77.1,48.21,14379.84,9391.54,279.95,1672557,3464347,8821,208414
Jashpur,Chhattisgarh,75.1,44.95,11690.48,9454.09,691.8,2267228,5346568,7936,158294
Raigarh,Chhattisgarh,76.0,44.58,9824.27,6661.28,278.53,1524899,3583257,6736,231824
Korba,Chhattisgarh,77.6,48.21,8233.7,6258.26,876.97,1672557,3464347,8821,208414
Janjgir - Champa,Chhattisgarh,77.0,50.08,11841.66,8354.01,444.26,2476596,4873596,6412,304564
Rajnandgaon,Chhattisgarh,82.4,56.79,31444.08,24843.68,33.08,8848616,14635892,6392,321595
Mahasamund,Chhattisgarh,72.6,48.46,11203.64,9572.44,438.5,2773528,5709171,3336,239654
Dhamtari,Chhattisgarh,83.7,52.41,12470.18,10528.8,76.13,3143167,5985308,4877,184554
Narayanpur,Chhattisgarh,53.8,49.67,1572.02,1355.98,291.82,413845,819219,3917,24262
Bijapur,Chhattisgarh,46.3,49.65,4196.62,3684.03,120.74,1066379,2201543,3617,28077
Baloda Bazar,Chhattisgarh,75.0,50.44,11557,8651.37,-5349.3,2789321,5442773,2126,234022
Balrampur,Chhattisgarh,66.8,32.55,10807.54,8833.28,146.17,1237125,4023313,6488,85032
Bastar,Chhattisgarh,54.6,50.16,5693.74,3963.92,401.86,1079482,2231108,5044,115320
Bemetara,Chhattisgarh,74.1,48.62,6407.19,5279.4,66.15,1661017,3442724,4808,175384
Bilaspur,Chhattisgarh,74.3,49.84,18572.19,13840.91,637.52,4266728,8474030,9583,321864
Dantewada,Chhattisgarh,50.3,48.77,3657.5,2920.67,8.89,804283,1695012,3422,43379
Durg,Chhattisgarh,84.6,62.94,7195.54,5827.51,292.11,2237435,3376752,1812,117121
Gariyaband,Chhattisgarh,72.1,50.12,12046.43,9961.83,299.49,3078696,6094980,3223,165375
Kodagaon,Chhattisgarh,56.1,51.29,5763.69,4444.26,-2183.12,1224035,2433477,1474,122982
Mungeli,Chhattisgarh,68.6,47.54,7989.42,6510.4,137.74,1925097,4075827,8433,209990
Raipur,Chhattisgarh,81.3,53.84,13937.1,9578.13,-1538.64,3427611,5988768,6708,245837
Sukma,Chhattisgarh,40.5,49.73,7706.07,5728.63,619.57,1688839,3392473,2167,45883
Surajpur,Chhattisgarh,68.3,44.90,19697.65,12937.97,195.55,2953105,7109936,1048,123844
Surguja,Chhattisgarh,73.7,42.69,8871.72,6326.31,494.54,1506123,3835426,3388,137172
Daman,Dadra and Nagar Haveli & Daman and Diu,85.9,31.65,0,0,0,321255,1101335,1276,30954
Dadra & Nagar Haveli,Dadra and Nagar Haveli & Daman and Diu,72.8,66.93,0,0,0,255219,385817,709,18470
North Goa,Goa,92.4,76.14,68.79,44.85,95.23,11974,16286,80,5939
South Goa,Goa,93.8,76.14,65.22,40.14,60.95,11974,16286,80,5939
Kachchh,Gujarat,75.6,47.45,4861.19,3261.68,104.9,1016263,2111596,46528,93481
Banas Kantha,Gujarat,63.7,43.21,4062.5,2965.07,100.61,666988,1556125,41994,136261
Patan,Gujarat,71.1,41.52,1842.87,1343.73,69.31,336229,831042,17542,68903
Mahesana,Gujarat,75.1,35.93,2118.93,1421.38,91.75,244631,720352,7330,38984
Gandhinagar,Gujarat,81.8,44.00,1053.19,633.51,12.67,135294,344325,12956,26502
Porbandar,Gujarat,84.3,55.72,561.44,406.23,13.27,157225,266979,12973,28989
Amreli,Gujarat,77.2,49.00,1397.48,1206.91,18.78,354391,702468,68756,99849
Anand,Gujarat,75.9,45.22,632.04,459.32,34.11,112804,269120,24031,53783
Dohad,Gujarat,56.1,45.04,18140.29,11537.49,890.52,2612792,5812129,77581,407258
Narmada,Gujarat,67.3,50.63,6510.65,5162.17,50.76,1456445,2796361,16290,110249
Bharuch,Gujarat,74.0,45.36,839.15,542.81,96.79,132913,295608,33482,54018
Navsari,Gujarat,84.1,73.54,2693.71,1785.34,151.3,643792,936925,2078,78106
Valsad,Gujarat,82.9,58.62,1970.81,1599.77,56.49,499855,851150,2564,72085
Surat,Gujarat,84.2,44.75,3279.83,1995.38,165.28,412985,988635,2707,93608
Tapi,Gujarat,72.0,53.90,4280.45,1764.58,456.99,503791,938158,42425,150729
Ahmadabad,Gujarat,81.5,29.02,1108.68,825.01,31.18,619194,2128179,2492,58445
Aravali,Gujarat,71.9,45.12,3726.23,2337.47,93.24,570979,1310555,22619,91877
Bhavnagar,Gujarat,74.2,49.77,1852.9,1627.78,62.4,459955,912025,86647,116826
Botad,Gujarat,71.8,47.81,852,665.41,10.51,167691,354739,26346,51792
Chhota Udaipur,Gujarat,53.2,39.96,6348.03,4908.08,193.63,952746,2492087,46401,124092
Devbhumi Dwarka,Gujarat,66.1,40.04,613.03,491.82,29.35,104210,288307,24191,42872
Gir Somnath,Gujarat,73.1,57.53,608.16,470.52,22.78,140117,234757,77883,93959
Jamnagar,Gujarat,83.1,42.92,1303.74,1032.33,73.13,247364,571365,11680,38082
Junagadh,Gujarat,82.8,46.34,982.57,753.63,30.65,236058,503051,71104,106229
Kheda,Gujarat,70.9,31.90,1118.77,732.94,177.39,95088,352898,66844,119423
Mahisagar,Gujarat,70.9,41.30,2243.19,1767.06,42.41,451339,1142929,54020,115072
Morbi,Gujarat,82.4,45.22,353.53,250.33,2.07,75082,161906,19582,24060
Panch Mahals,Gujarat,71.7,40.75,11404.7,6460.45,780.07,1298368,3330114,42465,142903
Rajkot,Gujarat,84.7,47.11,947.36,607.59,7.29,194073,412952,72289,91853
Sabar Kantha,Gujarat,74.5,49.01,2565.29,2203.49,101.23,637874,1299487,45338,115963
Surendranagar,Gujarat,75.1,38.98,3256.17,1768.24,78.38,361284,993135,49382,105436
Vadodara,Gujarat,84.6,37.39,641.39,415.08,39.86,79541,227703,21515,38373
Panchkula,Haryana,87.9,21.13,564.84,378.05,2.9,23355,134188,418,5331
Ambala,Haryana,88.9,24.65,613.85,397.27,-25.51,598985,2571288,11678,62665
Yamunanagar,Haryana,87.1,28.39,1226.86,752.94,10.07,60756,248183,2589,21778
Kurukshetra,Haryana,83.9,56.88,676.92,542.2,8.56,107245,188800,10888,38521
Kaithal,Haryana,74.0,59.36,1519.53,1265.85,12.66,257453,418118,1486,41686
Karnal,Haryana,84.5,60.69,4433.36,3006.78,4.88,590203,979855,5105,60745
Panipat,Haryana,85.9,50.84,1328.7,892.73,9.23,139197,292790,2316,22794
Sonipat,Haryana,89.1,44.97,658.52,477.95,-20.7,64687,160192,3178,19938
Jind,Haryana,83.6,50.90,3075.5,2104.14,-9.11,374257,728166,4953,44590
Fatehabad,Haryana,73.2,56.06,5980.62,3783.69,-33.92,790121,1336612,815,59813
Sirsa,Haryana,73.1,53.62,2034.01,1687.07,11.48,305800,568146,9675,74594
Hisar,Haryana,79.8,55.40,3246.82,2464.3,36.11,493316,838964,17914,83773
Rohtak,Haryana,88.5,50.91,1188.5,873.72,24.14,151847,297287,1788,23030
Jhajjar,Haryana,89.1,46.63,545.43,401.84,-19.1,57835,135540,3453,25161
Mahendragarh,Haryana,82.7,41.26,1665.26,931.65,-8.46,134259,313936,2006,23811
Rewari,Haryana,87.4,47.44,183.49,127.56,4.41,20855,45506,5457,13221
Mewat,Haryana,45.1,40.77,6529.28,4441.87,20.6,630317,1567187,12483,58692
Faridabad,Haryana,84.4,40.41,176.52,113.45,0.08,13788,39802,79,3429
Palwal,Haryana,71.1,37.95,1136.81,679.86,6.98,87473,231686,3660,15801
Bhiwani,Haryana,80.0,54.64,1317.9,930.35,11.61,190310,342472,4334,47263
Charkhi Dadri,Haryana,84.4,41.00,199.36,142.12,-2.53,20179,48422,1226,10664
Chamba,Himachal Pradesh,84.1,50.82,14225.53,11408.3,56.35,3100632,5990413,6406,95033
Kangra,Himachal Pradesh,94.4,71.87,11587.06,6618.58,15.98,2652042,3540112,23889,175761
Lahul & Spiti,Himachal Pradesh,86.2,63.28,327.09,253.99,10.02,76325,116912,549,6845
Kullu,Himachal Pradesh,87.4,53.17,4640.11,3270.82,13.37,1028092,1819146,2717,81434
Mandi,Himachal Pradesh,94.0,68.00,16527.09,11748.41,79.64,4598634,6284972,11008,223257
Hamirpur,Himachal Pradesh,94.8,41.08,3134.14,1958.85,10.6,1190614,3052896,6867,65160
Una,Himachal Pradesh,92.5,67.52,4002.12,2155.84,12.06,834643,1160534,3247,40664
Bilaspur,Himachal Pradesh,91.2,49.84,2329.73,1652.22,10.64,4266728,8474030,9583,321864
Solan,Himachal Pradesh,91.0,48.93,2122.84,1360.12,9.13,349983,724306,3947,44583
Sirmaur,Himachal Pradesh,84.9,41.40,4638.83,2820.26,15.89,636241,1539771,3656,49847
Shimla,Himachal Pradesh,93.4,49.88,5004.67,3831.73,73.71,1097408,2071768,5510,99022
Kinnaur,Himachal Pradesh,89.1,61.49,2168.97,1554.54,0.53,484640,694156,427,16672
Kupwara,Jammu & Kashmir,76.0,33.88,10159.55,6762.92,102.99,642200,2054172,714,65678
Badgam,Jammu & Kashmir,74.1,10.29,3615.66,2193.29,27.62,71028,810600,181,11296
Punch,Jammu & Kashmir,79.3,38.92,7466.91,5076.16,55.77,1180021,3273975,1749,60832
Rajouri,Jammu & Kashmir,79.4,34.39,6737.62,4724.39,97.21,1127469,3480405,1625,69711
Kathua,Jammu & Kashmir,87.7,23.01,2855.68,1853.72,36.27,211360,1081511,395,21795
Baramula,Jammu & Kashmir,67.9,15.80,4110.31,2627.07,44.23,81092,567402,194,27696
Bandipore,Jammu & Kashmir,66.6,25.27,1655.69,1297.9,37.64,104832,445886,159,13521
Srinagar,Jammu & Kashmir,78.4,24.89,142.04,80.06,3.48,10108,44225,26,1375
Ganderbal,Jammu & Kashmir,64.0,29.66,1431.14,909.32,20.82,121000,423773,69,16544
Pulwama,Jammu & Kashmir,76.6,15.56,3597.54,2318.8,35.29,75908,602883,171,11203
Shupiyan,Jammu & Kashmir,80.8,10.54,1799.49,1074.22,15.96,41276,415629,173,5073
Kulgam,Jammu & Kashmir,70.9,33.68,4581.2,3123.3,60.77,400861,1282841,407,45847
Doda,Jammu & Kashmir,69.2,43.92,9214.97,6529.35,72,1526416,3766790,1188,70747
Ramban,Jammu & Kashmir,62.2,31.65,2400.02,1991.25,58.67,321255,1101335,1276,30954
Kishtwar,Jammu & Kashmir,71.3,36.87,12119.02,8626.73,58.81,1510802,4292163,945,37999
Udhampur,Jammu & Kashmir,77.3,18.43,2777.95,2095.68,31.97,167612,997808,307,16786
Reasi,Jammu & Kashmir,68.2,39.34,5293.53,3631.48,54.45,672077,1798030,979,40598
Jammu,Jammu & Kashmir,91.5,17.90,1762.65,1221.86,27.62,123498,723557,290,19784
Samba,Jammu & Kashmir,84.8,29.53,651.6,384.41,10.54,70473,261038,214,10383
Garhwa,Jharkhand,62.7,44.19,14884.55,8680.32,302.02,2185377,5103309,23332,208273
Chatra,Jharkhand,61.8,44.74,8055.96,4851.62,83.47,1252770,2832940,13475,133208
Kodarma,Jharkhand,66.9,50.41,3949.18,2544.14,222.52,758496,1490812,1729,59491
Giridih,Jharkhand,57.3,46.96,16510.3,10492.08,751.07,2919721,6166720,3125,219775
Deoghar,Jharkhand,54.2,35.96,9813.92,6043.61,107.12,1243163,3548566,22086,149643
Godda,Jharkhand,50.4,38.23,7221.43,4323.96,-0.88,933890,2544967,9546,119824
Sahibganj,Jharkhand,54.9,39.20,4089.36,2830.51,707.64,658861,1671457,3914,105631
Pakur,Jharkhand,46.7,37.61,3435.76,2400.24,540.38,513114,1413318,34614,116416
Dhanbad,Jharkhand,72.0,39.24,6636.87,4756.58,208.2,1102914,2792263,3464,96770
Lohardaga,Jharkhand,67.5,47.64,2239.95,1416.62,67.29,383261,830406,12974,71214
Palamu,Jharkhand,65.4,40.53,9326.98,6769.15,807.95,1586661,4001077,13513,198807
Latehar,Jharkhand,58.7,43.58,7581.82,5033.15,914.34,1275543,2962663,6148,95028
Hazaribagh,Jharkhand,69.7,44.49,7409.45,4776.64,330.64,1262276,2812419,19344,158209
Ramgarh,Jharkhand,72.7,42.97,4332.32,2506.73,211.53,599087,1470231,2478,56459
Dumka,Jharkhand,55.6,39.87,11806.31,7330.93,363.45,1722006,4313243,30706,189750
Jamtara,Jharkhand,57.4,35.81,8158.08,5805.38,136.59,1159737,3400342,1814,78245
Ranchi,Jharkhand,78.4,43.62,9435.73,5383.32,161.53,1327408,3158173,22867,208777
Khunti,Jharkhand,59.9,37.69,3294.04,2284.14,436.56,474515,1339470,6571,63741
Gumla,Jharkhand,69.3,39.72,6247.09,3728.58,364.73,823627,2192033,15663,133432
Simdega,Jharkhand,68.8,41.42,5180.65,3130.28,76.31,729428,1851075,29022,104559
Saraikela-Kharsawan,Jharkhand,68.3,47.56,5050.47,4072.49,56.96,1109453,2391160,5492,117331
Bijapur,Karnataka,66.6,49.65,4196.62,3684.03,120.74,1066379,2201543,3617,28077
Bidar,Karnataka,73.8,52.85,12351.35,8082.85,196.69,1611969,3045601,50053,219068
Raichur,Karnataka,54.3,51.25,38107.26,28146.95,1168.46,5754830,11104818,50821,382346
Koppal,Karnataka,59.8,49.78,21064.25,13299.03,816.82,2505279,5006634,189192,420389
Gadag,Karnataka,70.7,46.22,13534.98,8429.11,95.24,1453108,3190138,23120,174112
Dharwad,Karnataka,81.8,42.99,7594.12,4757.63,115.41,771117,1840915,52735,153784
Uttara Kannada,Karnataka,84.3,48.61,6253.16,4269.35,104.31,697472,1443831,28539,152014
Haveri,Karnataka,71.5,44.70,14516.32,8475.22,396.63,1408626,3176276,55987,228739
Bellary,Karnataka,64.4,49.69,26576.91,18936.69,612.66,3852737,7653946,75623,370574
Chitradurga,Karnataka,75.6,50.65,30079.12,16802.42,113.53,3213833,6223074,109095,388996
Davanagere,Karnataka,76.0,47.24,19272.22,9851.88,-298.12,1594282,3402283,83617,305443
Shimoga,Karnataka,79.8,49.82,13448.53,8734.38,443.17,1640783,3226069,35875,246166
Udupi,Karnataka,90.3,61.82,1722.91,1195.55,17.8,271572,425914,5056,83780
Chikmagalur,Karnataka,82.9,46.83,11266.76,6851.98,164.28,1193764,2577375,43919,163688
Tumkur,Karnataka,81.9,49.17,23395.3,14315.36,541.76,2637156,5407987,155052,437053
Mandya,Karnataka,78.3,49.00,13025.56,7738.84,276.77,1378268,2848565,9561,238762
Hassan,Karnataka,82.0,48.30,22107.8,12091.75,154.24,2192927,4581219,40504,257544
Dakshina Kannada,Karnataka,92.7,46.64,5872.31,3406.04,77.86,576472,1291072,38475,138443
Kodagu,Karnataka,88.5,47.89,2243.28,1290.69,63.69,237996,508181,32646,65565
Chamarajanagar,Karnataka,72.4,49.93,11742.18,7046.32,100.63,1337773,2668418,38093,192302
Yadgir,Karnataka,48.1,48.70,10713.35,8118.5,789.17,1395249,2867945,74702,209866
Kolar,Karnataka,78.3,49.48,20414.65,11559.47,701.48,2206782,4447338,56671,231518
Chikkaballapura,Karnataka,76.3,49.03,13965.65,9441.73,217.92,1776636,3635374,49229,219779
Bangalore Rural,Karnataka,83.8,47.44,5120.18,2980.98,193.51,552974,1172336,16963,94726
Ramanagara,Karnataka,82.7,42.92,0,0,0,247364,571365,11680,38082
Kasaragod,Kerala,95.9,82.31,12031.82,10475.72,46.51,3540412,3871117,1140,122339
Kannur,Kerala,99.1,89.44,14636.1,11863.86,93.81,4098202,4299511,394,170381
Wayanad,Kerala,93.7,77.36,12811.14,10077.36,21.78,3205099,3682758,601,110712
Kozhikode,Kerala,99.1,85.10,29663.48,23060.88,112.46,7807228,8410575,896,248857
Malappuram,Kerala,99.2,80.93,17195.75,13541.95,121.34,4415840,4892960,1244,208649
Palakkad,Kerala,94.4,86.11,22683.45,19801.66,80.08,6433955,7194025,1541,280842
Thrissur,Kerala,99.4,86.77,18058.86,14464.49,70.91,4916114,5282926,443,227432
Ernakulam,Kerala,99.3,85.07,16462.53,12654.61,59.91,4186243,4603229,2123,180680
Idukki,Kerala,94.4,66.94,20885.76,16446.52,69.96,4390680,5986831,1783,179417
Kottayam,Kerala,99.7,86.82,12808.72,10661.6,49.06,3585113,3843602,1832,140157
Alappuzha,Kerala,99.7,80.93,26834.75,21036.87,4467.1,4415840,4892960,1244,208649
Pathanamthitta,Kerala,99.7,86.74,10817.08,8642.72,58.68,2884013,3147872,816,106567
Kollam,Kerala,98.2,82.38,24585.46,21024.03,79.18,6641594,7524434,4270,285137
Thiruvananthapuram,Kerala,98.5,85.21,30349.84,27300.99,101.74,8872427,9932453,4640,324588
Leh(Ladakh),Ladakh,76.4,57.25,3088.32,2288.72,20.85,476637,814176,699,16425
Kargil,Ladakh,77.2,62.48,3667.91,2952.61,10.85,677591,1089016,407,13869
Sheopur,Madhya Pradesh,54.8,38.95,9809.73,5799.28,83.98,1125926,3242601,57212,108989
Morena,Madhya Pradesh,70.7,33.75,19792.53,12060.32,182.23,2224458,6763569,93547,155809
Bhind,Madhya Pradesh,73.8,34.01,7548.61,5378.52,53.24,973731,3054022,75614,114402
Gwalior,Madhya Pradesh,78.1,31.18,6538.36,3847.13,109.01,550733,2162543,66656,90205
Datia,Madhya Pradesh,71.2,30.92,3305.2,2074.6,20.14,315229,1212561,17845,47242
Shivpuri,Madhya Pradesh,62.5,36.07,10956.13,7670.38,133.06,1360820,4248987,114648,204882
Tikamgarh,Madhya Pradesh,70.6,35.86,13314.27,8252.33,61.56,1404315,4610480,69374,164462
Chhatarpur,Madhya Pradesh,63.7,36.56,10972.04,7839.81,17.86,1399241,4415773,152081,232592
Panna,Madhya Pradesh,62.9,40.55,6928.74,4968.4,42.99,1108383,3065235,84422,154326
Sagar,Madhya Pradesh,74.3,31.84,11353.82,7525.24,439.52,1120115,4256297,75079,205693
Damoh,Madhya Pradesh,68.3,37.20,10204.3,6872.38,47.63,1269470,3852781,39993,186871
Satna,Madhya Pradesh,73.0,38.67,10413.89,6491.25,37.74,1321562,3806055,106861,208797
Rewa,Madhya Pradesh,67.7,38.03,7620.86,5899.59,25.54,1332284,3983788,45515,168601
Umaria,Madhya Pradesh,67.7,46.86,6776.6,5101.29,132.37,1417834,3132214,17261,133516
Neemuch,Madhya Pradesh,68.5,32.14,3739.92,2497.89,15.96,396522,1401254,12149,58605
Mandsaur,Madhya Pradesh,67.2,37.13,9475.55,6654.54,48.58,1163797,3750083,97253,168833
Ratlam,Madhya Pradesh,63.4,37.35,8102.93,5855.24,1006.94,1123803,3429283,26556,135434
Ujjain,Madhya Pradesh,66.3,35.17,6246.63,3857.2,14.51,751720,2461569,120194,170373
Dewas,Madhya Pradesh,67.3,31.35,9384.83,6450.83,219.48,951442,3651022,66356,144716
Dhar,Madhya Pradesh,58.6,44.09,20071.18,11887.23,137.19,2899241,6827016,450787,604095
Indore,Madhya Pradesh,81.7,32.73,3833.31,2239.79,19.71,357281,1277104,33288,67505
Barwani,Madhya Pradesh,52.5,44.44,8322.81,6564.52,85.19,1796806,4298772,171606,306389
Rajgarh,Madhya Pradesh,56.5,40.71,16392.35,10188.46,294.32,2161142,5800720,93859,284388
Vidisha,Madhya Pradesh,68.9,30.60,9242.03,6667.3,45.92,939297,3783441,28169,101182
Bhopal,Madhya Pradesh,81.3,33.47,2998.65,2039.73,3.91,334404,1142424,1452,30349
Sehore,Madhya Pradesh,69.7,36.95,6090.71,3861.71,1009.44,694820,2176981,68445,137326
Raisen,Madhya Pradesh,78.6,34.20,5939.74,4624.49,115.67,766924,2617327,37365,88396
Betul,Madhya Pradesh,76.1,45.04,10483.66,7962.43,76.57,2228212,4954023,43610,387421
Harda,Madhya Pradesh,73.9,41.90,2283.83,1730.68,7.94,379557,980269,53536,70752
Katni,Madhya Pradesh,72.0,47.48,8263.33,6115.28,30.3,2148451,4501400,112063,360507
Jabalpur,Madhya Pradesh,72.4,41.52,5954.15,4280.08,18.04,945482,2488597,95781,180524
Narsimhapur,Madhya Pradesh,73.6,34.02,5082.75,4015.76,67.61,646661,2263709,73304,131280
Dindori,Madhya Pradesh,66.8,47.63,18285.91,14003.81,31.79,3899733,8689405,103650,247252
Mandla,Madhya Pradesh,69.1,48.72,16217.72,13985.45,128.44,4123367,8644060,55553,242647
Chhindwara,Madhya Pradesh,75.0,46.04,18174.23,12779.99,80.63,3484142,7573240,19064,258375
Seoni,Madhya Pradesh,73.7,48.01,12966.12,9198.6,17.85,2793757,5726303,20623,240596
Balaghat,Madhya Pradesh,79.8,52.02,21975.66,15414.71,463.63,4733343,8723980,74759,405572
Guna,Madhya Pradesh,56.8,35.40,8055.81,5058.15,253.7,862698,2815299,174942,276489
Ashoknagar,Madhya Pradesh,61.3,35.94,5465.17,3688.76,116.53,645683,2083944,82146,128563
Shahdol,Madhya Pradesh,72.1,47.74,8087.96,6650.55,39.3,2025152,4305078,15419,152303
Anuppur,Madhya Pradesh,75.0,48.28,7664.74,6555.91,46.09,1983928,4175855,76651,193535
Sidhi,Madhya Pradesh,71.7,42.85,6603.54,5065.33,28.92,1416095,3550173,111285,181020
Singrauli,Madhya Pradesh,65.4,41.28,7116.37,5935.09,40.36,1262927,3382520,94224,166680
Jhabua,Madhya Pradesh,38.6,45.99,13804.42,8740.04,103.5,2280846,5146944,200992,332562
Alirajpur,Madhya Pradesh,42.1,42.14,9101.39,6354.55,82.08,1405348,3635810,169487,240388
Burhanpur,Madhya Pradesh,67.6,42.52,3150.69,2404.41,15.84,546378,1372604,45792,104049
Shajapur,Madhya Pradesh,62.0,32.43,6017.72,3950.33,14.87,646056,2317319,40580,86703
Nandurbar,Maharastra,57.7,41.40,6800.44,5224.6,-226.2,1010272,2532565,17701,173107
Dhule,Maharastra,68.8,39.56,7951.69,4003.62,-92,744989,1888649,33039,119030
Jalgaon,Maharastra,76.5,34.43,5559.64,3012.45,-288.39,508031,1440447,16934,130030
Buldana,Maharastra,79.9,33.79,5113.99,3692.69,-244.23,571747,1738311,20036,105198
Akola,Maharastra,87.5,33.98,3436.94,2531.38,-167.71,444441,1240158,6417,65355
Washim,Maharastra,78.0,40.41,2654.66,1963.39,-264.2,363989,888350,21625,83479
Amravati,Maharastra,87.8,40.84,18226.26,14394.64,-406.22,2499063,7062642,14590,178028
Wardha,Maharastra,93.0,38.65,3504.04,2600.39,-62.29,351523,1255446,28059,86498
Nagpur,Maharastra,94.6,39.21,4752.79,3958.27,-231.95,649413,1934920,16896,98728
Bhandara,Maharastra,89.1,57.34,8168.38,5564.1,-239.44,2070101,3538911,21867,241522
Gondiya,Maharastra,87.5,56.51,11401.34,8984.13,-388.79,2946990,5261826,39065,291276
Gadchiroli,Maharastra,79.4,48.78,5785.77,4344.31,-456.73,1019305,2127315,11982,204527
Chandrapur,Maharastra,87.8,49.71,8021.37,6183.38,-437.38,1503954,3277480,52599,224952
Yavatmal,Maharastra,80.8,40.98,8471.36,6086.46,-237.52,1199037,2877205,70793,186919
Nanded,Maharastra,71.9,43.84,7154.29,5035.74,-340.57,1130138,2429151,12202,182547
Hingoli,Maharastra,76.5,39.10,6006.45,3848.4,-48.64,737105,1843344,13088,74392
Parbhani,Maharastra,73.4,37.77,3173,1832.05,-250.86,315502,845335,24696,98190
Jalna,Maharastra,71.8,45.15,4991.86,2973.36,-426.82,664875,1406242,74351,158557
Aurangabad,Maharastra,83.1,46.39,11676.11,9411.84,486.05,2488913,5226915,16453,125058
Nashik,Maharastra,80.0,37.28,5993.89,4463.66,-22.04,773298,2135437,20948,186991
Raigarh,Maharastra,79.2,44.58,9824.27,6661.28,278.53,1524899,3583257,6736,231824
Pune,Maharastra,89.0,42.98,1543.79,1149.95,-129.28,246586,532351,18877,74876
Ahmadnagar,Maharastra,86.2,42.92,1303.74,1032.33,73.13,247364,571365,11680,38082
Bid,Maharastra,76.3,52.85,12351.35,8082.85,196.69,1611969,3045601,50053,219068
Latur,Maharastra,83.3,40.68,3826.55,2467.16,-556.24,522498,1170314,10945,117956
Solapur,Maharastra,76.4,37.79,2087.61,1676.22,-193.18,311864,800758,15789,103746
Satara,Maharastra,87.2,43.88,2522.55,1584.89,-268.33,343643,754568,18754,115743
Ratnagiri,Maharastra,87.2,46.63,3414.11,2430.18,-277.69,519915,1129667,14775,76334
Sindhudurg,Maharastra,92.1,41.20,1665.65,1183.72,50.25,231679,566210,1660,47872
Kolhapur,Maharastra,90.7,42.86,983.66,775.94,-72.36,160845,372658,6018,74570
Sangli,Maharastra,90.3,38.87,2640.47,1493.86,-199.39,291023,723776,17130,96035
Palghar,Maharastra,77.6,51.80,6851.49,5115.14,-217.31,1305734,2461023,9043,173791
Thane,Maharastra,90.5,41.29,1008.85,597.21,63.48,122169,291038,2121,52701
Senapati,Manipur,81.9,38.24,3518.59,2232.1,2407.33,500836,1358334,629,19637
Tamenglong,Manipur,76.8,35.93,1476.29,891.13,527.05,286750,813351,1765,9110
Churachandpur,Manipur,84.2,41.22,3309.88,2049.18,496.09,805667,1968446,16705,30766
Bishnupur,Manipur,88.4,49.84,4548.2,2264.22,316.34,4266728,8474030,9583,321864
Thoubal,Manipur,85.4,56.79,3122.28,1534.87,71.9,1115645,1839857,18992,60638
Imphal West,Manipur,92.5,59.80,5014.17,2643.74,124.25,1826357,2972734,1420,49682
Imphal East,Manipur,90.0,58.55,10016.07,4322.46,157.22,2853357,4843375,16492,90683
Ukhrul,Manipur,86.9,42.90,3579.56,2132.68,404.65,612731,1412546,1713,16914
Chandel,Manipur,80.2,40.85,1436.09,893.93,236.64,385956,957740,664,9595
South Garo Hills,Meghalaya,88.6,27.38,9864.96,6233.55,13.7,878094,3278921,5758,10930
Ribhoi,Meghalaya,89.5,52.21,7324.11,4408.18,15.16,1193105,2385016,3251,39824
East Khasi Hills,Meghalaya,93.7,69.39,19740.91,11080.7,39.35,4204478,5947949,3267,92063
East Garo Hills,Meghalaya,86.7,43.52,7501.89,5369.43,14.15,2912690,7694500,72243,95513
East Jantia Hills,Meghalaya,76.0,71.08,3557.11,2431.85,26.97,938618,1310762,1829,24831
North Garo Hills,Meghalaya,86.1,50.06,10948.06,7071.18,28.45,1740491,3802172,14212,26875
South West Garo Hills,Meghalaya,82.6,43.59,7395,4104.33,45.62,873436,2223181,39559,49604
South West Khasi Hills,Meghalaya,85.9,51.12,4778.56,2960.91,13.14,840525,1590458,12163,16700
West Garo Hills,Meghalaya,89.0,43.52,21127.34,14062.76,64.29,2912690,7694500,72243,95513
West Jaintia Hills,Meghalaya,80.0,69.89,7260.92,4692.53,13.12,1837277,2517826,12088,48842
West Khasi Hills,Meghalaya,87.4,58.80,10117.85,6451.39,40.38,2023798,3466584,1264,59839
Chandel,Mizoram,80.2,40.85,1436.09,893.93,236.64,385956,957740,664,9595
Mamit,Mizoram,89.6,67.16,5318.23,4349.84,5.14,1374764,2044294,799,18664
Kolasib,Mizoram,96.9,47.42,4991.21,3967.7,-3.67,855052,1868558,40,11799
Champhai,Mizoram,97.7,54.64,7817.95,6389.64,5.44,1536059,2877082,11313,29577
Serchhip,Mizoram,99.7,50.46,3914.51,3010.66,5.81,713637,1430831,764,11257
Lunglei,Mizoram,91.6,57.29,9807.57,8115.83,24.09,2053277,3660059,2136,29832
Lawngtlai,Mizoram,76.0,38.70,8137.56,6657.25,8.64,1127745,3081326,13906,30450
Mon,Nagaland,78.2,39.09,3618.36,2281.71,321.1,502794,1298249,1635,10788
Mokokchung,Nagaland,94.0,45.48,4630.55,2619.15,33.24,650551,1432556,540,13665
Zunheboto,Nagaland,87.1,24.26,2784.18,1716.72,134.28,271124,1164363,38,6002
Wokha,Nagaland,91.6,39.66,2428.62,1659.67,118.79,392286,984904,96,7310
Dimapur,Nagaland,86.6,57.75,6310.02,3604.66,-0.58,9079455,14454464,3656,49847
Phek,Nagaland,85.8,34.53,4021.8,2412.81,218.73,491681,1427783,281,8161
Tuensang,Nagaland,77.8,37.98,3924.21,2150.29,12.82,582059,1517090,210,8279
Longleng,Nagaland,82.0,34.31,2602.31,1445.54,20.93,188468,782908,620,3421
Kiphire,Nagaland,73.7,33.48,2441.61,1474.52,150.89,302789,927775,6662,12714
Kohima,Nagaland,95.2,43.49,3569.59,2277.27,69.34,619248,1447230,144,10446
Peren,Nagaland,77.6,38.20,3032.57,2305.12,98.65,246459,732902,33,5218
Shahdara,NCT of Delhi,85.5,57.34,8168.38,5564.1,-239.44,2070101,3538911,21867,241522
South,NCT of Delhi,86.6,76.14,65.22,40.14,60.95,11974,16286,80,5939
South East,NCT of Delhi,86.8,76.14,65.22,40.14,60.95,11974,16286,80,5939
Bargarh,Odisha,75.7,38.23,8061.03,5697.7,500.45,1166661,3313558,19763,155841
Jharsuguda,Odisha,81.0,44.27,3367.75,2325.45,16.44,586344,1379456,7527,57032
Sambalpur,Odisha,76.6,43.41,4799.26,3328.45,116.32,765342,1834943,15017,115916
Debagarh,Odisha,69.5,38.23,3387.9,2145.97,-204.56,1166661,3313558,19763,155841
Sundargarh,Odisha,74.1,46.69,16379.16,11678.98,241.95,3105215,6973407,47598,284665
Kendujhar,Odisha,67.0,46.19,14761.89,10369.42,-1157.82,2636276,5815613,18896,286227
Mayurbhanj,Odisha,61.5,45.74,37595.99,22850.12,443.91,5688725,13081332,44273,432733
Baleshwar,Odisha,76.5,43.35,7691.59,6312.35,39.27,1513270,3497249,41685,210923
Bhadrak,Odisha,82.6,40.12,4106.56,3453.34,39.36,843364,2118683,26690,141867
Kendrapara,Odisha,86.7,39.59,5441.87,3583.06,141.33,835740,2100807,15295,125691
Jagatsinghapur,Odisha,86.3,38.61,2083.94,1345.57,-47.83,289250,759522,45164,110564
Cuttack,Odisha,83.2,39.53,5123.51,3750.59,-42.1,832241,2111967,33410,166319
Jajapur,Odisha,78.4,36.56,5811.17,4087.12,-32.44,790874,2243115,20299,143984
Dhenkanal,Odisha,77.1,46.61,9625.16,6196.46,173.64,1630050,3530464,14791,218633
Nayagarh,Odisha,81.9,41.82,5607.48,3651.4,23.69,864555,2088076,33372,135279
Khordha,Odisha,85.7,43.04,2864.47,1925.84,18.47,419791,1028880,5282,82479
Puri,Odisha,87.7,38.82,5446.56,3903.22,-60.07,828617,2179196,17504,231342
Ganjam,Odisha,71.9,52.26,29153.76,20768.78,95.34,7179249,13433374,54043,458349
Gajapati,Odisha,50.5,47.22,6345.84,4109.14,-17.86,1052340,2298836,16031,119417
Kandhamal,Odisha,70.3,46.40,11094.73,7403.28,-22,1790570,4054519,38908,176603
Baudh,Odisha,71.0,43.88,3773.05,2872.85,-87.11,711201,1708262,8462,85008
Subarnapur,Odisha,79.2,59.48,14722.11,10060.17,-534.6,3449605,5474148,3586,275497
Balangir,Odisha,69.8,43.58,13820.28,10275.58,335.53,2414462,5947751,71460,276638
Nuapada,Odisha,57.2,44.00,4830.78,3797.63,1439.7,1049358,2495481,26094,144314
Kalahandi,Odisha,63.8,42.94,11279.75,7731.07,645.14,1892560,4751476,38404,246084
Rayagada,Odisha,45.1,46.90,12636.6,7176.84,-461.01,1796115,4051649,44077,194680
Nabarangapur,Odisha,41.0,44.84,14722.11,10060.17,-534.6,2408172,5859900,126037,263777
Koraput,Odisha,41.7,41.81,16792.68,10621.13,-184.99,2262422,5918276,60166,249662
Malkangiri,Odisha,41.3,40.27,4564.31,3342.65,535.94,703558,1876177,30775,115783
Yanam,Puducherry,83.3,52.26,29153.76,20768.78,95.34,7179249,13433374,54043,458349
Puducherry,Puducherry,91.7,86.22,1211.17,1042.72,182.2,466956,538022,803,59362
Karaikal,Puducherry,89.6,60.69,500.11,449.89,0,590203,979855,407,13869
Kapurthala,Punjab,85.3,66.74,2587.25,2373.48,84.59,678902,968008,3718,31885
Jalandhar,Punjab,88.1,67.32,2090.65,1898.81,111.67,514302,768449,6991,49774
Hoshiarpur,Punjab,92.8,57.25,4315.07,3697.84,80.09,839287,1530746,8469,63898
Fatehgarh Sahib,Punjab,87.2,71.63,4606.3,3842.22,70.22,1180985,1539717,888,36577
Ludhiana,Punjab,85.3,72.90,6778.06,5105.04,68.62,1571460,2100234,1822,81007
Moga,Punjab,76.0,65.03,3348.72,2499.99,202.28,674747,1047419,8803,70280
Muktsar,Punjab,72.7,61.06,5397.7,3136.13,70.48,738146,1240351,12633,79749
Faridkot,Punjab,75.3,61.83,2655.35,1580.02,54.33,386275,636278,2632,41240
Bathinda,Punjab,72.5,68.40,3822.49,3064.17,45.1,823065,1229786,3286,63739
Mansa,Punjab,69.4,62.41,3157.94,1901.7,61.86,577705,930353,3603,46827
Patiala,Punjab,78.6,63.21,4378.28,3891.98,181.98,964876,1527790,4553,81995
Tarn Taran,Punjab,68.6,37.93,2331.26,1971.9,98.1,267659,758635,16165,46472
Rupnagar,Punjab,88.9,24.89,2047.38,1554.5,26.7,10108,44225,26,1375
Sangrur,Punjab,79.8,64.99,4758.51,2944.66,58.04,739535,1173107,6435,68143
Barnala,Punjab,78.8,68.81,1525.18,1289.78,41.9,349277,511238,3908,28461
Fazilka,Punjab,72.8,53.79,4178.75,3321.6,52.4,751868,1470427,4359,95560
Firozpur,Punjab,75.7,45.12,5448.95,3388.05,106.95,581897,1336273,5767,61379
Gurdaspur,Punjab,84.4,33.91,4827.98,3218.25,121.72,385930,1309749,1508,43976
Pathankot,Punjab,90.5,26.83,1961.59,1559.69,51.52,143342,605353,480,16846
Ganganagar,Rajasthan,71.0,57.92,20120.48,15108.04,204.55,7045209,10989352,7916,269121
Hanumangarh,Rajasthan,69.7,59.36,17761.18,14303.78,60.64,6426217,9785028,4358,197246
Bikaner,Rajasthan,64.3,51.08,27189.23,18702.07,239.59,5886062,11252430,34096,320234
Churu,Rajasthan,66.0,56.78,26384.48,17408.59,75.25,7214711,11923552,24354,272948
Jhunjhunun,Rajasthan,76.1,62.13,7059.94,4478.6,-43.75,2056403,3095983,1914,107584
Alwar,Rajasthan,65.6,66.91,11686.26,7904.26,688.9,3357929,4662021,2862,268402
Bharatpur,Rajasthan,63.1,59.48,12084.45,9015.64,605.83,3449605,5474148,3586,275497
Dhaulpur,Rajasthan,59.9,49.81,10389.97,7214.49,153.31,2256110,4220811,5479,126798
Karauli,Rajasthan,54.8,54.85,10205.72,7592.52,877.36,2705628,4713209,24374,222441
Sawai Madhopur,Rajasthan,57.4,54.15,10304.46,7969.03,92.33,3111024,5433252,14412,209491
Dausa,Rajasthan,62.2,75.41,7467.17,5540.78,380.31,2856184,3535219,24707,219497
Jaipur,Rajasthan,73.8,81.74,12533.75,8736.49,-40.75,5266169,6119966,17620,360575
Sikar,Rajasthan,73.3,72.56,10444.14,6972.75,74.34,3398829,4387204,4926,167369
Nagaur,Rajasthan,67.8,65.36,41778.3,28685.7,692.59,13463262,18715756,17612,514065
Jodhpur,Rajasthan,68.2,65.09,29953.91,23468.26,127.27,12315864,17250703,29474,487537
Jaisalmer,Rajasthan,63.5,56.39,20869.19,14362.8,91.79,4865093,7912530,14606,139448
Barmer,Rajasthan,67.6,53.26,57873.65,41145.09,344.65,11807440,21458172,23904,584021
Jalor,Rajasthan,62.6,70.53,16795.26,13117.65,136.47,7170117,9120542,17492,295417
Sirohi,Rajasthan,62.2,78.00,8779.67,7174.68,48.54,4223270,5005863,5079,168373
Pali,Rajasthan,76.3,75.21,20177.33,15782.43,974.1,9220027,11191956,5750,349571
Ajmer,Rajasthan,70.2,53.26,30695.11,23315.2,393.77,11807440,21458172,23904,584021
Tonk,Rajasthan,56.4,60.41,11384.88,8493.57,717.34,4032888,6091386,4207,263219
Bundi,Rajasthan,57.9,58.15,12209.09,10163.31,810.32,4313285,6763614,4079,186065
Bhilwara,Rajasthan,58.1,69.26,45515.61,34923.43,882.21,17365719,22347625,7185,490814
Rajsamand,Rajasthan,69.7,77.22,14920.72,12173.64,388.19,6316801,7487992,17410,233276
Dungarpur,Rajasthan,68.2,60.51,35076.02,25284.44,213.16,13505899,19263444,109630,425187
Banswara,Rajasthan,54.8,54.06,34141.32,25175.8,298.18,9701147,17141165,104478,508416
Chittaurgarh,Rajasthan,57.5,63.83,12070.32,8939.56,681.74,4039135,5796167,5887,225069
Kota,Rajasthan,77.9,60.54,10087.54,7937.29,438.97,3836668,5682281,1396,145572
Baran,Rajasthan,59.7,54.76,12832.58,9916.76,177.01,4666800,7694810,5251,208884
Jhalawar,Rajasthan,56.3,52.34,27499.03,21632.56,388.57,7532043,13671719,11230,302892
Udaipur,Rajasthan,64.2,57.75,29774.58,22017.14,1243.05,9079455,14454464,29349,556183
Pratapgarh,Rajasthan,55.4,55.66,13730.25,11854.34,6.98,4449763,7442390,11698,202998
South District,Sikkim,90.5,76.14,65.22,40.14,60.95,11974,16286,80,5939
Thiruvallur,Tamil Nadu,85.9,89.10,24693.55,20805.8,-45.98,11329756,12532186,8743,300129
Kancheepuram,Tamil Nadu,84.5,82.67,52174.12,35503.14,237.2,17097660,19621036,5964,343284
Vellore,Tamil Nadu,84.7,88.95,26836.73,22017.25,-38.42,11849082,13076827,6607,429687
Tiruvannamalai,Tamil Nadu,81.7,81.14,33664.47,27015.06,77.14,13689782,16173969,6173,551780
Viluppuram,Tamil Nadu,77.8,76.80,21915.55,15718.75,129.15,7994815,10152626,16474,795198
Salem,Tamil Nadu,83.2,88.28,19429.29,14571.48,850.5,7701006,8563501,3445,392091
Namakkal,Tamil Nadu,88.9,87.64,15249.81,11111.74,0.08,6010209,6737657,2083,217996
Erode,Tamil Nadu,83.1,85.30,13312.58,9817.21,984.95,4646929,5360103,1549,168840
The Nilgiris,Tamil Nadu,90.6,82.36,3651.3,2675.43,10.26,1085047,1293964,1237,52109
Dindigul,Tamil Nadu,81.0,83.84,30176.16,25900.22,96.21,11959504,13824586,4350,316185
Karur,Tamil Nadu,80.5,85.38,18733.14,14725.22,-113.18,6177639,6995361,3517,152404
Tiruchirappalli,Tamil Nadu,84.8,84.20,25314.4,21804.39,175.21,11402862,13013406,2276,338865
Perambalur,Tamil Nadu,83.0,83.58,5086.89,3737.48,5.48,1568218,1870317,1032,127716
Cuddalore,Tamil Nadu,80.5,72.86,17510.88,14575.05,611.94,6756630,8886045,4746,466195
Nagapattinam,Tamil Nadu,89.3,72.46,18316.97,15329.28,-42.14,6754198,8754316,3653,289123
Thiruvarur,Tamil Nadu,91.2,72.03,13083.7,10454.13,36.44,4720950,6107230,1614,209846
Thanjavur,Tamil Nadu,86.4,79.29,23265.46,20380.15,-74.71,9824272,11728933,2945,306449
Pudukkottai,Tamil Nadu,83.7,87.61,24525.75,19380.43,61.67,8514796,9595245,2831,318100
Sivaganga,Tamil Nadu,88.0,87.47,16599.97,13463.01,14.49,7004844,7791350,2878,213050
Madurai,Tamil Nadu,87.3,86.24,16688.22,11639.15,469.62,6255460,7066766,3694,316194
Theni,Tamil Nadu,86.9,85.50,5408.09,3121.59,28.79,1389459,1645685,1648,125671
Virudhunagar,Tamil Nadu,85.3,84.70,14361.52,11505.91,28.9,6210700,7167588,2100,243638
Ramanathapuram,Tamil Nadu,86.1,85.20,17461.75,13601.64,-27.91,7148644,8146549,4422,241218
Thoothukkudi,Tamil Nadu,90.3,85.82,15639.06,12046.01,41.7,6156912,6987588,1892,194838
Tirunelveli,Tamil Nadu,87.3,83.29,22236.25,16536.86,-13.78,7612525,8845795,1724,281018
Kanniyakumari,Tamil Nadu,98.0,84.61,6343.07,4035.63,-2.94,1730446,1994175,495,65575
Dharmapuri,Tamil Nadu,80.6,94.20,9162.07,6465.49,620.05,3225106,3415012,4384,277163
Krishnagiri,Tamil Nadu,79.9,91.46,17457.35,14742.88,-48.42,7513460,8166879,6485,304122
Coimbatore,Tamil Nadu,90.6,87.57,10047.85,7156.88,447.61,2978898,3321401,4221,139213
Tiruppur,Tamil Nadu,87.5,84.40,16858.7,14259.57,48.64,6183892,7142387,2853,175505
Adilabad,Telangana,64.8,0.00,7174.98,6154.84,-7174.98,0,0,5165,8171
Bhadradri Kothagudem,Telangana,68.7,57.31,6887.88,5555.24,-6887.88,2269332,3693632,0,150515
Jagitial,Telangana,62.4,71.51,8475.29,6706.49,-8475.29,2776295,3669147,0,122349
Jangoan,Telangana,65.5,60.03,5797.69,4383.24,-5797.69,1895485,2948970,0,128006
Jogulamba Gadwal,Telangana,45.0,52.41,3236.8,2430.73,-3236.8,996493,1886670,0,112329
Kamareddy,Telangana,58.6,54.83,11951.08,9272.37,-11951.08,3593103,6318536,0,225961
Karimnagar,Telangana,70.3,68.07,4711.74,3009.02,-4711.74,1500321,2034303,0,100655
Khammam,Telangana,66.3,58.56,10659.96,8196.63,-10659.96,3726410,6004281,0,212887
Komaram Bheem Asifabad,Telangana,51.7,49.87,5690.99,4850.66,-5690.99,1486303,2878198,0,113096
Mahabubabad,Telangana,58.0,54.32,7120.29,5600.05,-7120.29,2291493,4039438,0,174818
Mahabubnagar,Telangana,59.6,59.01,9197.94,6539.25,-9197.94,2391989,3862774,0,259022
Mancherial,Telangana,69.5,55.03,5357.6,4192.25,-5357.6,1488117,2508921,0,108080
Medak,Telangana,57.7,55.02,8869.02,7159.76,-8869.02,2475381,4272248,0,194510
Nagarkurnool,Telangana,57.1,59.11,6112.83,4541.69,-6112.83,1764307,2792838,0,143360
Nalgonda,Telangana,62.6,58.61,12118.56,9041.82,-12118.56,4005308,6526646,0,331694
Nirmal,Telangana,58.6,57.55,9732.96,8416.24,-9732.96,3055585,5014718,0,153253
Nizamabad,Telangana,63.1,64.27,14295.54,9464.94,-14295.54,4328929,6457561,0,231719
Peddapalli,Telangana,73.7,61.24,5730.61,4391.89,-5730.61,1891033,2770218,0,98586
Ranga Reddy,Telangana,72.1,59.41,8044.34,6509.33,-8044.34,2463448,3785254,0,125860
Sangareddy,Telangana,63.6,56.24,7164.34,5538.26,-7164.34,2042784,3472261,0,189950
Siddipet,Telangana,71.0,59.51,10932.32,8610.86,-10932.32,3127913,4966428,0,172856
Suryapet,Telangana,63.5,57.60,6399.81,4860.27,-6399.81,2567367,4167403,0,241033
Vikarabad,Telangana,59.3,52.54,9875.26,7743.36,-9875.26,2409300,4566846,0,137541
Wanaparthy,Telangana,52.1,59.86,4835.16,3532.25,-4835.16,1466220,2298385,0,105351
Warangal Rural,Telangana,60.1,62.45,2275.02,1640.23,-2275.02,784376,1160860,0,44227
Warangal Urban,Telangana,76.9,62.45,2275.02,1640.23,-2275.02,784376,1160860,0,44227
Dhalai,Tripura,71.6,52.41,17625.79,12455.08,-29.44,3143167,5985308,4877,184554
Gomati,Tripura,77.2,50.52,13033.73,9652.02,-111.83,2711150,5314563,5532,84961
Khowai,Tripura,80.5,45.93,9076.1,6563.75,126.86,1581184,3559732,8939,59848
North Tripura,Tripura,83.1,44.47,8640.72,6373.88,7.25,1550143,3620887,3979,58019
Sepahijala,Tripura,79.6,48.56,10995.82,7904.17,-186.61,2115146,4332418,23647,92227
South Tripura,Tripura,80.3,46.64,11686.8,8955.67,2.02,2200393,4778792,8229,88379
Unakoti,Tripura,76.4,45.10,5363.59,4044.52,49.49,1040067,2336710,1242,42993
West Tripura,Tripura,86.2,51.00,9293.39,6306.1,-61.62,1753703,3529118,19702,90709
Saharanpur,Uttar Pradesh,73.8,38.54,2653.24,2165.7,19.19,378111,1148676,9429,74860
Bijnor,Uttar Pradesh,74.1,29.22,5456.45,4310.8,22.9,649684,2338986,7155,102950
Rampur,Uttar Pradesh,59.3,18.58,6589.3,4496.05,67.58,442252,2441795,930,40008
Meerut,Uttar Pradesh,80.2,33.09,1123.52,1018.93,6.56,195984,551245,3888,29538
Baghpat,Uttar Pradesh,78.1,32.51,183.51,140.63,1.31,23024,75902,3789,12731
Gautam Buddha Nagar,Uttar Pradesh,80.6,21.50,24.44,24.18,0,2570,12998,1498,2682
Bulandshahr,Uttar Pradesh,72.1,25.92,562.46,474.81,4.52,68674,256589,4278,35099
Aligarh,Uttar Pradesh,68.7,23.86,5385.59,4382.75,9.63,567326,2337343,4323,61623
Mahamaya Nagar,Uttar Pradesh,68.7,49.93,7814.82,5613.79,20.38,1337773,2668418,38093,192302
Mathura,Uttar Pradesh,67.9,36.09,4019.37,2703.83,39.44,501996,1479102,13709,72815
Agra,Uttar Pradesh,65.0,71.87,5346.62,4187.12,23.14,2652042,3540112,23889,175761
Firozabad,Uttar Pradesh,74.4,33.07,4869.22,3931.59,7.63,733250,2140478,10772,56586
Mainpuri,Uttar Pradesh,78.4,27.76,5219,4491.47,41.55,649188,2438619,8636,72256
Bareilly,Uttar Pradesh,54.7,18.71,6596.21,5188.09,26.45,476413,2812580,3446,68510
Pilibhit,Uttar Pradesh,59.3,20.57,8627.96,5889.85,119.32,617050,3160288,5524,67368
Shahjahanpur,Uttar Pradesh,59.5,18.74,8465.44,6326.11,30.72,618527,3453818,2737,70660
Kheri,Uttar Pradesh,62.0,26.45,14225.36,11501.21,0.09,1566094,6233852,4287,169895
Sitapur,Uttar Pradesh,59.2,30.36,23507.42,17340.34,49.85,2583532,9330873,9381,270480
Hardoi,Uttar Pradesh,59.3,22.58,17824.02,14673.89,56.62,1718115,7978267,5256,140678
Unnao,Uttar Pradesh,68.2,28.30,9574.44,7502.14,55.23,1091783,4063488,4199,111293
Lucknow,Uttar Pradesh,79.8,26.55,3876.01,2882.93,15.06,396562,1560837,7362,59734
Farrukhabad,Uttar Pradesh,65.1,23.79,3594.41,2924.39,26.69,370969,1568991,1172,32963
Kannauj,Uttar Pradesh,68.3,20.46,3858.85,3297.86,47.01,389038,1777063,3275,41657
Etawah,Uttar Pradesh,79.7,24.12,4224.8,3500.34,33.49,420901,1883266,4156,42730
Auraiya,Uttar Pradesh,79.3,28.23,3099.64,2478.08,12.21,374013,1332471,2359,47162
Kanpur Dehat,Uttar Pradesh,75.6,26.86,4707.93,3749.73,28.62,498813,2041417,2969,60417
Kanpur Nagar,Uttar Pradesh,82.7,24.03,2868.13,2340.84,12.54,262944,1272701,2778,42674
Jalaun,Uttar Pradesh,71.0,37.59,10208,7434.18,33.21,1445468,4043994,12893,129608
Jhansi,Uttar Pradesh,72.5,39.23,9824.7,6632.77,104.78,1285765,3528264,45164,147313
Lalitpur,Uttar Pradesh,61.3,40.04,10718.19,7555.22,6.06,1480668,4073894,18604,130397
Hamirpur,Uttar Pradesh,73.2,41.08,8296.11,5639.34,51.88,1190614,3052896,6867,65160
Mahoba,Uttar Pradesh,69.7,40.79,2883.46,2254.16,11.92,459437,1232730,11534,75699
Banda,Uttar Pradesh,62.6,43.73,9818.46,6962.53,36.84,1599898,3757361,16067,150338
Chitrakoot,Uttar Pradesh,62.1,44.33,7197.99,5476.6,79.37,1248642,2952694,6913,98185
Fatehpur,Uttar Pradesh,66.5,38.52,11157.12,8344.22,35.57,1708558,4520777,4189,133432
Pratapgarh,Uttar Pradesh,77.7,55.66,12764.3,10044.14,-32.99,4449763,7442390,11698,202998
Kaushambi,Uttar Pradesh,62.0,43.34,4800.93,3455.57,22.21,782595,1879668,13624,95257
Bara Banki,Uttar Pradesh,61.1,29.70,14265.39,9585.86,82.37,1425315,5183743,5851,150553
Faizabad,Uttar Pradesh,77.7,33.07,4869.22,3931.59,7.63,733250,2140478,10772,56586
Ambedkar Nagar,Uttar Pradesh,78.5,40.35,7814.82,5613.79,20.38,1212178,3055402,11349,114174
Bahraich,Uttar Pradesh,41.6,35.52,16918.49,12229.05,239.22,2233300,6579132,11834,202573
Shrawasti,Uttar Pradesh,40.8,33.96,5206.61,4069.7,24.82,690775,2168527,5186,63475
Balrampur,Uttar Pradesh,44.9,32.55,8480.22,7366.94,161.28,1237125,4023313,6488,85032
Gonda,Uttar Pradesh,60.4,37.32,17887.45,11443.97,221.36,2279360,6183698,3514,148042
Siddharthnagar,Uttar Pradesh,49.1,49.09,21525.96,15559.1,110.56,4111059,8349231,16052,225937
Basti,Uttar Pradesh,65.3,44.56,19007.22,14702.43,181.4,3510852,7961025,18091,226035
Sant Kabir Nagar,Uttar Pradesh,62.7,41.47,11892.71,9215.15,64.38,2125532,4924747,17375,165088
Mahrajganj,Uttar Pradesh,64.1,40.06,15956.45,12610.97,94.18,2638373,6767178,20014,199515
Gorakhpur,Uttar Pradesh,70.1,40.01,10061.46,7927.16,7.65,1656714,4281058,13946,162777
Kushinagar,Uttar Pradesh,64.4,35.70,13781.83,10488.53,188.84,1909624,5594987,21908,149024
Deoria,Uttar Pradesh,73.7,35.58,9019.19,6554.95,170.89,1228948,3523879,4227,96871
Azamgarh,Uttar Pradesh,78.9,40.44,15998.81,12103.53,36.37,2721431,6608332,5307,211012
Mau,Uttar Pradesh,74.4,43.90,12056.54,8271.94,11.91,1964566,4440710,3738,127066
Ballia,Uttar Pradesh,73.3,38.21,7959.9,6508.89,55.49,1376908,3597371,3944,128379
Jaunpur,Uttar Pradesh,77.3,43.65,18985.7,11965.58,92.61,2922863,6535718,8496,190489
Ghazipur,Uttar Pradesh,75.8,36.52,9817.74,8095.35,203.31,1626531,4456422,17270,166410
Chandauli,Uttar Pradesh,73.9,35.84,7474.46,5539.02,67.88,1005677,3017562,14354,110822
Varanasi,Uttar Pradesh,80.6,49.04,3149.62,2427.59,56.7,650272,1307106,6651,84290
Sant Ravidas Nagar (Bhadohi),Uttar Pradesh,72.6,43.84,3203.08,2501.8,49.88,596562,1368701,8601,67704
Mirzapur,Uttar Pradesh,73.4,44.58,8921.01,6475.97,30.71,1547280,3508658,44591,200609
Sonbhadra,Uttar Pradesh,64.8,47.86,10190.39,7334.63,-42.9,1846552,3979182,25230,220322
Etah,Uttar Pradesh,70.8,26.64,5172.46,3626.91,21.91,540070,1966229,3920,51163
Kanshiram Nagar,Uttar Pradesh,60.6,35.70,13781.83,10488.53,188.84,1909624,5594987,21908,149024
Amethi,Uttar Pradesh,67.3,34.92,8654.81,6051.87,7.98,1100779,3283087,17384,105604
Budaun,Uttar Pradesh,52.4,20.41,8826.59,7409.91,119.81,752302,3964714,2490,61740
Ghaziabad,Uttar Pradesh,81.8,0.00,0,0,0,0,0,5165,8171
Hapur,Uttar Pradesh,75.3,33.70,286.66,252.59,1.26,49550,136878,2483,10384
Moradabad,Uttar Pradesh,69.4,29.02,5262.57,3929.97,438.39,619194,2128179,2492,58445
Muzaffarnagar,Uttar Pradesh,73.4,29.06,1464.97,1246.82,4.12,184973,673508,5065,35993
Rae Bareli,Uttar Pradesh,66.5,38.23,11261.21,8004.14,35.11,1611470,4433927,7695,158130
Sambhal,Uttar Pradesh,52.6,24.65,5911.95,4744.94,-296.13,598985,2571288,11678,62665
Shamli,Uttar Pradesh,65.8,27.99,840.15,623.35,-9.46,89300,312751,1424,13241
Sultanpur,Uttar Pradesh,74.9,38.95,10171.3,7618.88,25.59,1625809,4106166,5706,125413
Uttarkashi,Uttarakhand,81.2,53.24,7307.9,4772.61,46.54,1421833,2722140,2770,72134
Chamoli,Uttarakhand,90.5,62.47,6269.11,4470.41,80.22,1660244,2595640,7668,77070
Rudraprayag,Uttarakhand,87.2,61.81,3374.86,2325.47,10.17,820482,1309119,3205,47767
Tehri Garhwal,Uttarakhand,75.5,73.06,7929.26,5154.07,59.28,2086727,2849409,10651,140675
Dehradun,Uttarakhand,87.6,33.85,2757.52,1742.36,12.67,325092,960088,2742,38131
Garhwal,Uttarakhand,85.8,44.19,14884.55,8680.32,302.02,2185377,5103309,23332,208273
Pithoragarh,Uttarakhand,89.1,50.35,4992.62,3448.33,-97.26,946542,1901297,7224,83522
Bageshwar,Uttarakhand,87.8,54.02,2159.69,1476.34,10.41,439857,806955,1343,37046
Champawat,Uttarakhand,84.7,46.35,1685.39,1254.61,-19.07,323508,684577,1724,28555
Nainital,Uttarakhand,85.4,43.90,2640.41,1585.66,-44.23,366154,857036,2057,43446
Udham Singh Nagar,Uttarakhand,72.3,49.91,3596.67,2260.97,9.1,574846,1238976,16375,71843
Hardwar,Uttarakhand,76.4,37.58,3877.07,2321.43,26.39,460717,1273735,5501,52357
Jalpaiguri,West Bengal,73.6,47.42,32733.3,24797.2,1918.95,6131284,12933248,14130,367401
Uttar Dinajpur,West Bengal,65.4,48.34,21199,14165.02,910.73,3889315,7606925,52154,366057
Dakshin Dinajpur,West Bengal,74.3,47.00,9636.97,7208.85,770.53,2130130,4335450,33211,220468
Maldah,West Bengal,72.3,53.39,52073.09,29126.03,2384.88,9821572,16520443,69951,566611
Murshidabad,West Bengal,67.6,35.43,44155.5,29951.64,3251.84,5246035,16011103,97755,730409
Birbhum,West Bengal,70.8,41.42,35662.59,28352.93,3180.01,6754184,16451870,183972,640394
Nadia,West Bengal,76.2,43.95,17085.7,11593.5,1036.62,3286371,7357011,40749,593692
Bankura,West Bengal,68.3,45.30,29287.6,22431.82,1899.69,6729011,13884305,55356,610884
Puruliya,West Bengal,61.0,46.91,23021.81,20278.11,1090.85,5528320,11728750,38340,453450
Haora,West Bengal,80.5,41.90,17139.14,9923.72,979.46,379557,980269,53536,70752
Kolkata,West Bengal,87.6,60.54,10087.54,7937.29,438.97,3836668,5682281,1396,145572
Paschim Medinipur,West Bengal,70.9,43.23,48564.58,37558.24,1955.64,8982549,20093754,59400,677460
Purba Medinipur,West Bengal,77.0,51.57,66319.57,30697.42,3007.21,8650190,16812723,42165,740344
Paschim Barddhaman,West Bengal,73.5,49.05,6110.63,4636.71,146.1,1541476,3011010,24415,104621
